"date","sender_id","receiver_id","sender","receiver","year","class","contrition","symbolic","desc"
1947-03-04,"United States_gov","Mexico_gov","United States","Mexico",1947,"international","3_apology",TRUE,"U.S. President Harry Truman laid a wreath and bowed his head at monument at Chapultepec Castle bearing the names of six teenage cadets that died during the Mexican-American war in 1847."
1957-01-01,"Japan_gov","Myanmar_gov","Japan","Myanmar",1957,"international","3_apology",FALSE,"Japanese Prime Minister Kishi Nobusuke apologized to the people of Burma for WWII"
1957-01-01,"Japan_gov","Australia_gov","Japan","Australia",1957,"international","2_regret",FALSE,"Japanese Prime Minister Kishi Nobusuke expressed heartfelt sorrow for WWII"
1965-06-22,"Japan_gov","South Korea_gov","Japan","South Korea",1965,"international","2_regret",FALSE,"Japanese Foreign Minister Shinna Etsusaburo expressed Òsincere regretÓ and Òdeep remorseÓ over the Òunfortunate periodÓ in relations between South Korea and Japan."
1970-12-07,"Germany_gov","Poland_gov","Germany","Poland",1970,"international","3_apology",TRUE,"West German Chancellor Willy Brandt fell to his knees in front of the Warsaw Ghetto memorial."
1974-04-09,"Pakistan_gov","Bangladesh_gov","Pakistan","Bangladesh",1974,"international","3_apology",FALSE,"Pakistan apologized for its army's violence during 1971 Bangladesh war"
1975-10-03,"Japan_gov","United States_gov","Japan","United States",1975,"international","2_regret",FALSE,"Japanese Emperor Hirohito called World War II Òthat most unfortunate war which I deeply deploreÓ during US visit."
1982-08-26,"Japan_gov","South Korea_gov","Japan","South Korea",1982,"international","2_regret",FALSE,"Japanese Chief Cabinet Secretary Kiichi Miyazawa expressed remorse to the people of the Republic of Korea and China for 'serious damage in the past'"
1984-09-06,"Japan_gov","South Korea_gov","Japan","South Korea",1984,"international","2_regret",FALSE,"Japanese Emperor Hirohito told visiting South Korean President that Òit is regrettable that there was an unfortunate period in this century.Ó"
1984-09-07,"Japan_gov","South Korea_gov","Japan","South Korea",1984,"international","2_regret",FALSE,"Japanese Prime Minister Yasuhiro Nakasone expressed regret for suffering inflicted by Japan"
1985-10-23,"Japan_gov","wwii_asia_victims","Japan","wwii_asia_victims",1985,"multilateral","3_apology",FALSE,"Japanese Prime Minister Yasuhiro Nakasone apologized for JapanÕs role in World War II in an address to the United Nations."
1986-06-03,"Switzerland_gov","Switzerland_min","Switzerland",NA,1986,"domestic","3_apology",FALSE,"Swiss Federal President Alphons Egli apologized officially for the injustice inflicted on the Yenish in Switzerland"
1988-08-10,"United States_gov","United States_min","United States","United States",1988,"domestic","3_apology",FALSE,"U.S. President Ronald Reagan signed into law the Civil Liberties Act of 1988, which grants an apology for the internment of Japanese Americans during World War II.Ê "
1988-08-10,"United States_gov","United States_min","United States","United States",1988,"domestic","4_apology_redress",FALSE,"U.S. President Ronald Reagan signed an Act that apologized and allocates funds for the Aleut people's forced wartime relocation"
1989-03-17,"Portugal_gov","Portugal_min","Portugal","Sephardic Jews",1989,"domestic","3_apology",FALSE,"President Mrio Soares met members of PortugalÕs Jewish community and formally apologized for the Inquisition."
1989-03-30,"Japan_gov","North Korea_gov","Japan","North Korea",1989,"international","2_regret",FALSE,"Japan expressed regret and sorrow for having caused suffering and loss to many people in neighboring countries"
1990-04-12,"Germany_gov","Israel_gov","Germany","Israel",1990,"international","3_apology",FALSE,"East German parliament issued an apology for Nazi crimes."
1990-04-12,"Germany_gov","Czechia_gov","Germany","Czechia",1990,"international","3_apology",FALSE,"East German parliament apologized to Czechoslovakia for complicity in Prague Spring"
1990-04-14,"Russia_gov","Poland_gov","Russia","Poland",1990,"international","2_regret",FALSE,"Soviet President Mikhail Gorbachev expressed deep regret for the 1940 massacre of Polish POWs at the Katyn forest."
1990-05-24,"Japan_gov","South Korea_gov","Japan","South Korea",1990,"international","2_regret",FALSE,"Japanese Emperor AkihitoÕs expressed regret to South Korean leader Roh Tae Woo for the occupation of Korea from 1910 to 1945."
1990-05-25,"Japan_gov","South Korea_gov","Japan","South Korea",1990,"international","2_regret",FALSE,"Japanese Prime Minister Toshiki Kaifu expressed regret for the suffering brought by Japan during 'certain period' in the past in a meeting with President Roh Tae Woo."
1990-11-04,"Canada_gov","Canada_min","Canada","Canada",1990,"domestic","3_apology",FALSE,"Canadian Prime Minister Brian Mulroney apologized for the wrongs done to Canadians of Italian origin during World War II."
1991-03-04,"Chile_gov","Chile_min","Chile","Chile",1991,"domestic","3_apology",FALSE,"Chilean President Patricio Aylwin apologized to families for 2,000 killings by the secret police during military rule under Gen. Augusto Pinochet."
1991-07-08,"Austria_gov","holocaust_victims","Austria","holocaust_victims",1991,"multilateral","1_acknowledge",FALSE,"Austrian Bundeskanzler Franz Vanitzky declares in speech for the Nationalrat that Austria must accept its role in the Holocaust"
1991-10-09,"United States_gov","United States_min","United States","Japanese Americans",1991,"domestic","3_apology",FALSE,"U.S. President George W. Bush issued letters of formal apology to living survivors of the Japanese Americans who were interned during World War II"
1992-01-16,"Japan_gov","South Korea_gov","Japan","South Korea",1992,"international","3_apology",FALSE,"Japanese Prime Minister Kiichi Miyazawa apologized for the 'unbearable suffering' caused by Japan in the past, in a speech at dinner with South Korean President Roh Tae Woo"
1992-01-17,"Japan_gov","comfort_women","Japan","comfort_women",1992,"multilateral","3_apology",FALSE,"Japanese Prime Minister Kiichi Miyazawa apologized for JapanÕs use of Òcomfort women.Ó"
1992-07-06,"Japan_gov","South Korea_gov","Japan","South Korea",1992,"international","3_apology",FALSE,"Japanese Chief Cabinet Secretary Koichi Kato expressed 'sincere apology and remorse' to all those who have suffered hardship as so-called 'wartime comfort women'."
1992-10-23,"Japan_gov","China_gov","Japan","China",1992,"international","2_regret",FALSE,"During a royal visit to China, Japanese Emperor Akihito expressed his sorrow for JapanÕs wartime abuses."
1993-04-29,"South Africa_gov","South Africa_min","South Africa","South Africa",1993,"domestic","3_apology",FALSE,"South African President F.W. de Klerk apologized for apartheid."
1993-06-10,"Austria_gov","holocaust_victims","Austria","holocaust_victims",1993,"multilateral","3_apology",FALSE,"Austrian Bundeskanzler Franz Vanitzky asked for forgiveness for Austria's role in Holocaust during speech at the Hebrew University of Jerusalem"
1993-08-04,"Japan_gov","South Korea_gov","Japan","South Korea",1993,"international","3_apology",FALSE,"Japanese Chief Cabinet Secretary Y_hei K_no apologized on behalf of the Japanese government to ""comfort women""Ê"
1993-08-23,"Japan_gov","wwii_asia_victims","Japan","wwii_asia_victims",1993,"multilateral","3_apology",FALSE,"Japanese Prime Minister Morihiro Hosokawa conveyed 'a feeling of deep remorse and apologies' for the countryÕs 'past acts of aggression and colonial rule'."
1993-10-01,"United States_gov","United States_min","United States","United States",1993,"domestic","4_apology_redress",FALSE,"U.S. President Bill Clinton issued a letter of apology accompanying redress payments for Japanese Americans who were interned during World War II."
1993-10-13,"Russia_gov","Japan_gov","Russia","Japan",1993,"international","3_apology",FALSE,"Russian President Boris Yeltsin apologized for the internment of 600,000 Japanese POWs in Siberia after World War II."
1993-11-07,"Japan_gov","South Korea_gov","Japan","South Korea",1993,"international","3_apology",FALSE,"Japanese Prime Minister Morihiro Hosokawa apologized to South Korean President Kim Young Sam for the suffering caused during Japan's colonial rule."
1993-11-23,"United States_gov","United States_min","United States","United States",1993,"domestic","3_apology",FALSE,"The U.S. House passed U.S. Public Law 103-150 in which it offered an apology to native Hawaiians for the overthrow of the Kingdom of Hawaii."
1994-08-01,"Germany_gov","Poland_gov","Germany","Poland",1994,"international","3_apology",FALSE,"German President Roman Herzog asked the Polish people for forgiveness for the Òinordinate sufferingÓ inflicted on their country during World War II."
1994-08-31,"Japan_gov","wwii_asia_victims","Japan","wwii_asia_victims",1994,"multilateral","3_apology",FALSE,"Japanese Prime Minister Tomiichi Murayama apologized for the suffering caused by Imperial Japan."
1994-11-15,"Austria_gov","Israel_gov","Austria","Israel",1994,"international","1_acknowledge",FALSE,"Addressing a special session of the Knesset, Austrian President Thomas Klestil acknowledged his countryÕs complicity in the Holocaust "
1995-02-28,"Taiwan_gov","Taiwan_min","Taiwan","Taiwan",1995,"domestic","3_apology",FALSE,"Taiwan President Lee Tung-hui apologized for the government's actions during the White Terror era."
1995-03-01,"Lithuania_gov","Israel_gov","Lithuania","Israel",1995,"international","3_apology",FALSE,"Lithuanian President Algirdas Brazauskas asked the Israeli Knesset for forgiveness for LithuaniaÕs deeds in the Holocaust."
1995-05-07,"Switzerland_gov","other_multilateral","Switzerland","other_multilateral",1995,"multilateral","3_apology",FALSE,"Swiss president Kaspar Villiger apologized for SwitzerlandÕs refusal to accept refugees during the war."
1995-06-09,"Japan_gov","wwii_asia_victims","Japan","wwii_asia_victims",1995,"multilateral","2_regret",FALSE,"The lower house of the Japanese Diet expressed Òdeep remorseÓ for the suffering inflicted on Asians and others in World War II."
1995-06-09,"Japan_gov","wwii_asia_victims","Japan","wwii_asia_victims",1995,"multilateral","2_regret",FALSE,"Japanese Prime Minister Tomiichi Murayama expressed deep remorse for the past"
1995-07-01,"Japan_gov","comfort_women","Japan","comfort_women",1995,"multilateral","4_apology_redress",FALSE,"Japanese Prime Minister Tomiichi Murayama apologized to the roughly 200,000 women who were put into brothels by Japanese forces to serve as sex slaves or Òcomfort womenÓ and sets up a privateÊÒAsian WomenÕs FundÓ to deal with reparations.Ê"
1995-07-16,"France_gov","holocaust_victims","France","holocaust_victims",1995,"multilateral","3_apology",FALSE,"French President Jacques Chirac apologized for the help the Vichy government gave the Nazis in deporting 320,000 French Jews to death camps."
1995-08-15,"Japan_gov","wwii_asia_victims","Japan","wwii_asia_victims",1995,"multilateral","3_apology",FALSE,"Japanese Prime Minister Tomiichi Murayama issued a statement of Òheartfelt apologiesÓ for JapanÕs aggression.Ê"
1995-10-03,"United States_gov","United States_min","United States",NA,1995,"domestic","3_apology",FALSE,"U.S. President Bill Clinton apologized to victims of radiation experiments"
1995-11-01,"Portugal_gov","Israel_gov","Portugal","Israel",1995,"international","3_apology",FALSE,"Portugal's President Mario Soares requested forgiveness for Jewish persecution during the inquisition and in its aftermath."
1995-11-03,"New Zealand_gov","New Zealand_min","New Zealand","New Zealand",1995,"domestic","3_apology",FALSE,"Queen Elizabeth II of Great Britain approved legislation which Òapologized unreservedlyÓ to New Zealand Maori for taking their land in 1863.Ê"
1996-12-01,"Japan_gov","comfort_women","Japan","comfort_women",1996,"multilateral","4_apology_redress",FALSE,"Japanese Prime Minister Ryutara Hashimoto offered a letter of apology and monetary reparations to 500 survivors of the 200,000 Òcomfort womenÓ "
1997-01-21,"Germany_gov","Czechia_gov","Germany","Czechia",1997,"international","3_apology",FALSE,"In a joint declaration, foreign ministers from Germany and the Czech Republic apologized to each other for conflicts in the 1930s and 1940s."
1997-01-21,"Czechia_gov","Germany_gov","Czechia","Germany",1997,"international","3_apology",FALSE,"In a joint declaration, foreign ministers from Germany and the Czech Republic apologized to each other for conflicts in the 1930s and 1940s."
1997-04-27,"Germany_gov","Spain_gov","Germany","Spain",1997,"international","3_apology",FALSE,"German President Roman Herzog apologized for the bombing of Guernica"
1997-05-16,"United States_gov","United States_min","United States","United States",1997,"domestic","3_apology",FALSE,"U.S. President Clinton apologized for the 48-year Tuskegee Syphilis Study by the U.S. Public Health Service that withheld medical treatment of the disease.Ê"
1997-08-21,"Croatia_gov","holocaust_victims","Croatia","holocaust_victims",1997,"multilateral","3_apology",FALSE,"Croatian President Franjo Tudjman made an apology to the Jewish people for crimes committed during WWII"
1997-10-07,"Norway_gov","Norway_min","Norway","Norway",1997,"domestic","3_apology",FALSE,"Norwegian King Harold apologized for injustices against the Sami."
1997-10-15,"United Kingdom_gov","India_gov","United Kingdom","India",1997,"international","3_apology",TRUE,"Queen Elizabeth paid 30 seconds of silent homage at the site of the Amritsar massacre."
1997-11-23,"Italy_gov","Ethiopia_gov","Italy","Ethiopia",1997,"international","2_regret",FALSE,"Italian President  Oscar Luigi Scalfaro expressed regret over the 1936 invasion and five-year occupation of Ethiopia "
1998-01-01,"South Korea_gov","Vietnam_gov","South Korea","Vietnam",1998,"international","2_regret",FALSE,"President Kim Dae-jung expressed his regret for the suffering caused by South Korea during the Vietnam War"
1998-01-07,"Canada_gov","Canada_min","Canada","Canada",1998,"domestic","3_apology",FALSE,"The Canadian government formally apologized for its historic mistreatment of indigenous populations. "
1998-01-12,"Japan_gov","United Kingdom_gov","Japan","United Kingdom",1998,"international","3_apology",FALSE,"Japanese Prime Minister Ryutara Hashiomoto offered his Òheartfelt apologyÓ and expressed ÒDeep remorseÓ for JapanÕs treatment of British POWs in World War II."
1998-02-11,"Norway_gov","Norway_min","Norway","Norway",1998,"domestic","3_apology",FALSE,"The Norwegian government apologized to Tater/Romani people for abuses in the past. "
1998-02-23,"Latvia_gov","Israel_gov","Latvia","Israel",1998,"international","3_apology",FALSE,"LatviaÕs President Guntis Ulmanis apologized for his countryÕs role in the Holocaust. "
1998-04-24,"Germany_gov","Spain_gov","Germany","Spain",1998,"international","3_apology",FALSE,"The German Parliament apologized for bombing the Spanish village of Guernica on April 26, 1937 during the Spanish Civil War."
1998-05-26,"Japan_gov","United Kingdom_gov","Japan","United Kingdom",1998,"international","2_regret",FALSE,"Japanese Emperor Akihito expressed deep sorrow to Britain for World War II"
1998-06-12,"United States_gov","United States_min","United States","United States",1998,"domestic","3_apology",FALSE,"U.S. President Bill Clinton apologized to Latin Americans of Japanese descent for the wrongful detained in camps during World War II"
1998-07-15,"Japan_gov","Netherlands_gov","Japan","Netherlands",1998,"international","3_apology",FALSE,"Japanese Prime Minister Ryutaro Hashimoto apologized for Japanses war crimes in letter to the Netherlands "
1998-07-24,"United Kingdom_gov","United Kingdom_min","United Kingdom","United Kingdom",1998,"domestic","2_regret",FALSE,"U.K. Armed Forces Minister expressed deep sense of regret for soldiers who were executed in World War I"
1998-10-08,"Japan_gov","South Korea_gov","Japan","South Korea",1998,"international","3_apology",FALSE,"Japanese Prime Minister Keizo Obuchi apologized for the occupation of the Korean peninsula and for the conduct used by Japanese soldiers against Koreans.Ê"
1998-10-22,"Argentina_gov","United Kingdom_gov","Argentina","United Kingdom",1998,"international","2_regret",FALSE,"Argentinian President Carlos Menem expressed regret over the Falklands War."
1998-11-26,"Japan_gov","China_gov","Japan","China",1998,"international","2_regret",FALSE,"Japan expressed remorse in joint declaration with China for past aggression"
1998-11-29,"New Zealand_gov","New Zealand_min","New Zealand","New Zealand",1998,"domestic","3_apology",FALSE,"The New Zealand Parliament passed the Ng_i Tahu Claims Settlement Act 1998 in which the Crown expressed its profound regret and apologizeds for the suffering and hardship caused to Ng_i Tahu"
1998-12-29,"Guatemala_gov","Guatemala_min","Guatemala","Guatemala",1998,"domestic","3_apology",FALSE,"Guatemalan President Alvaro Arzu asked Guatemalans to forgive the state for its role in the deaths and deprivation they suffered in 36 years of civil war."
1999-01-01,"Benin_gov","United States_gov","Benin","United States",1999,"international","3_apology",FALSE,"Benin President Mathieu Krkou begs African-Americans for forgiveness for Africans' role in slave trade"
1999-03-27,"Indonesia_gov","Indonesia_min","Indonesia","Indonesia",1999,"domestic","3_apology",FALSE,"Indonesian President Habibie offered apology for ""what has been done by the security forces, by accident or deliberately."""
1999-05-11,"Ireland_gov","Ireland_min","Ireland","Ireland",1999,"domestic","3_apology",FALSE,"The Prime Minister (Taoiseach) of Ireland apologized to survivors of child abuse in industrial and reform schools."
1999-08-27,"Australia_gov","Australia_min","Australia","Australia",1999,"domestic","3_apology",FALSE,"Australian Prime Minister John Howard apologized for past mistreatment of Aborigines."
1999-09-03,"Denmark_gov","Denmark_min","Denmark","Greenland",1999,"domestic","3_apology",FALSE,"Denmark Prime Minister Poul Nyrup Rasmussen apologized for the way his country forced Greenland Inuits from their homes in 1953 to make room for an expansion of a U.S. airbase."
1999-10-04,"Israel_gov","State of Palestine_gov","Israel","State of Palestine",1999,"international","2_regret",FALSE,"In an address to the Knesset, Israeli Prime Minister Ehud Barak expressed sympathy and regret for the suffering of the Palestinian people."
1999-11-10,"United Kingdom_gov","South Africa_gov","United Kingdom","South Africa",1999,"international","3_apology",FALSE,"Queen Elizabeth II offered a formal apology to South Africans for the actions of British forces during the Boer war"
1999-12-10,"Switzerland_gov","Germany_gov","Switzerland","Germany",1999,"international","3_apology",FALSE,"Swiss President Ruth Dreifuss reiterates a 1995 apology over wrong doings during World War II."
1999-12-17,"Germany_gov","Germany_min","Germany","Germany",1999,"domestic","4_apology_redress",FALSE,"German President Johannes Rau asks for forgiveness and promises compensation to victims of forced labor camps "
2000-01-01,"Indonesia_gov","Indonesia_min","Indonesia","Irian Jaya",2000,"domestic","3_apology",FALSE,"Indonesian President Abdurrahman Wahid apologized to the people of Irian Jaya for the use of military tactics and the human rights violations in that province "
2000-01-26,"Sweden_gov","holocaust_victims","Sweden","holocaust_victims",2000,"multilateral","3_apology",FALSE,"Swedish Prime minister Persson apologized at Stockholm Holocaust Conference for his governments' 'failure to perform its duty' during WWII "
2000-02-16,"Germany_gov","Israel_gov","Germany","Israel",2000,"international","3_apology",FALSE,"German President Johannes Rau apologized before the Israeli parliament for the Holocaust."
2000-02-29,"Indonesia_gov","Timor-Leste_gov","Indonesia","Timor-Leste",2000,"international","3_apology",FALSE,"Indonesian President Abdurrahman Wahid apologized for the violence in East Timor during its 24-year occupation by Indonesian forces. 
"
2000-03-14,"Indonesia_gov","Indonesia_min","Indonesia","Indonesia",2000,"domestic","3_apology",FALSE,"Indonesian President Abdurrahman Wahid apologized to all victims and survivors of the massacres and unlawful detention of alleged communists which began in the mid-1960s. "
2000-04-01,"Sweden_gov","Sweden_min","Sweden","Roma",2000,"domestic","3_apology",FALSE,"Swedish Deputy Prime Minister Lena Hjelm-Walln and Minister for Social Affairs Lars Engqvist issued an apology on behalf of the Swedish government for the persecution and abuse of the traveller community. "
2000-04-04,"Germany_gov","Greece_gov","Germany","Greece",2000,"international","2_regret",FALSE,"German President Johannes Rau visited Kalavryta and expressed shame and sorrow for the Kalavryta massacre."
2000-04-07,"Belgium_gov","Rwanda_gov","Belgium","Rwanda",2000,"international","3_apology",FALSE,"Belgian Prime Minister Guy Verhofstadt publicly apologized to Rwanda for Belgium's part in failing to prevent the 1994 genocide. Verhofstadt also unveiled a memorial for ten peacekeepers that were slaughtered by the Rwandan army.Ê"
2000-04-29,"Benin_gov","United States_gov","Benin","United States",2000,"international","3_apology",FALSE,"Benin Minister Luc Gnacadja apologized in Richmond (US, VA) for Benin's role in slave trade"
2000-06-25,"Montenegro_gov","Croatia_gov","Montenegro","Croatia",2000,"international","3_apology",FALSE,"Montenegro President Milo Djukanovic asks Croatia to forgive his countrymen for shelling Dubrovnik during the Croatian struggle for independence in 1991."
2000-11-04,"Finland_gov","Finland_min","Finland","Jewish community",2000,"domestic","3_apology",FALSE,"Finnish Prime Minister Paavo Lipponenapologized to the Jewish community for the extradition of eight Jews to Germany in 1942."
2000-12-07,"Norway_gov","Norway_min","Norway","Roma",2000,"domestic","3_apology",FALSE,"The Norwegian government apologized to its Roma minority for decades of oppression and suffering. "
2001-01-01,"Japan_gov","comfort_women","Japan","comfort_women",2001,"multilateral","3_apology",FALSE,"Japanese Prime Minister Junichiro Koizumi offers apologies and expressed remorse to former ""comfort women""."
2001-01-11,"United States_gov","South Korea_gov","United States","South Korea",2001,"international","2_regret",FALSE,"U.S. President Bill Clinton expressed regret for 'loss of lives' at No Gun Ri, where as many as 248 civilians were killed by US soldiers"
2001-03-30,"Burkina Faso_gov","Burkina Faso_min","Burkina Faso","Burkina Faso",2001,"domestic","3_apology",FALSE,"Burkina Faso President Blaise Compaor apologized for crimes committed by the state from the 1960s onward"
2001-04-03,"Japan_gov","wwii_asia_victims","Japan","wwii_asia_victims",2001,"multilateral","3_apology",FALSE,"Japanese Chief Cabinet Secretary Yasuo Fukuda expressed  deep remorse and heartfelt apology for the suffering caused by Japan through ""its colonial rule and aggression"""
2001-05-25,"Japan_gov","Japan_min","Japan","Japan",2001,"domestic","3_apology",FALSE,"Japan apologized for forcing lepers to live in isolation decades after cures were available"
2001-07-10,"Poland_gov","Poland_min","Poland","Poland",2001,"domestic","3_apology",FALSE,"Polish President Kwasniewski apologized for the massacre of Polish Jews in Jewabne in 1941."
2001-08-16,"Indonesia_gov","Indonesia_min","Indonesia","Indonesia",2001,"domestic","3_apology",FALSE,"Indonesian President Megawati apologized for human rights abuses committed by past governments in Aceh and Irian Jaya"
2001-08-23,"South Korea_gov","Vietnam_gov","South Korea","Vietnam",2001,"international","3_apology",FALSE,"South Korean President Kim Dae-jung apologized for KoreaÕs participation in the Vietnam war."
2001-09-01,"Spain_gov","slavery_victims","Spain","slavery_victims",2001,"multilateral","2_regret",FALSE,"Spanish Minister Juan Carlos Aparicio expressed regret about slavery"
2001-09-02,"Netherlands_gov","slavery_victims","Netherlands","slavery_victims",2001,"multilateral","2_regret",FALSE,"Dutch Minister Roger van Boxtel expressed remorse for slave trade at the World Conference Against Racism"
2001-09-08,"Japan_gov","wwii_asia_victims","Japan","wwii_asia_victims",2001,"multilateral","3_apology",FALSE,"Japan's Foreign Affairs Minister Makiko Tanaka offers apology for the 'damage and suffering' caused by Japan during WWII at the Commemoration of the 50th anniversary of the Signing of the San Francisco Peace Treaty. "
2001-09-08,"Indonesia_gov","Indonesia_min","Indonesia","Indonesia",2001,"domestic","3_apology",FALSE,"During visit in Aceh, Indonesian President Megawati Sukarnoputri said she was sorry for mistakes by past governments in the region's separatist war. "
2001-10-08,"Japan_gov","China_gov","Japan","China",2001,"international","3_apology",FALSE,"Japanese Prime Minister Junichiro Koizumi apologized and expressed condolences in China for those Chinese who lost their lives in World War II."
2001-10-30,"Croatia_gov","Israel_gov","Croatia","Israel",2001,"international","2_regret",FALSE,"Croatian President Stepan Mesi_ expressed regret for the crimes committed against the Jews during the Second World War, on the territory f the Quisling-entity called Independent State of Croatia. "
2001-12-11,"Guatemala_gov","Guatemala_min","Guatemala","Guatemala",2001,"domestic","3_apology",FALSE,"Guatemala President Alfonso Portillo apologized  for ''shameful acts'' committed by security forces during the civil war."
2001-12-14,"Serbia_gov","Croatia_gov","Serbia","Croatia",2001,"international","3_apology",FALSE,"The Yugoslav foreign minister Goran Slavinovic issued an apology  for the pain suffered by the citizens of the Croatian Republic. "
2002-02-12,"New Zealand_gov","New Zealand_min","New Zealand","New Zealand",2002,"domestic","3_apology",FALSE,"New Zealand Prime Minister Helen Clarke made a surprise apology for the historic wrong inflicted on the Chinese by a poll tax and other  discriminatory restrictions."
2002-04-15,"Netherlands_gov","Ghana_gov","Netherlands","Ghana",2002,"international","2_regret",FALSE,"Crown prince Willem Alexander expressed remorse for slave trade during visit in Ghana"
2002-04-28,"Austria_gov","Austria_min","Austria",NA,2002,"domestic","3_apology",FALSE,"Austria apologized for a clinic at Am Spiegelgrund in which 789 mentally handicapped children were subjected to medical experiments and murder during the Nazi regime."
2002-05-29,"Nigeria_gov","Nigeria_min","Nigeria","Nigeria",2002,"domestic","3_apology",FALSE,"Nigerian President Chief Olusegun Obasanjo apologized to Nigerians for years of rights abuses by previous governments."
2002-06-03,"New Zealand_gov","Samoa_gov","New Zealand","Samoa",2002,"international","3_apology",FALSE,"New Zealand Prime Minister Helen Clarke apologized for New Zealand's treatment of Samoans during colonial times more than 70 years ago."
2002-07-24,"Peru_gov","Peru_min","Peru","Peru",2002,"domestic","3_apology",FALSE,"Peru Health Minister Fernando Carbone issued a public apology following the publication of a report that revealed that the ministry oversaw a forced sterilization program during the presidency of Alberto Fujimori."
2002-07-30,"Pakistan_gov","Bangladesh_gov","Pakistan","Bangladesh",2002,"international","2_regret",FALSE,"Pakistani President Pervez Musharraf expressed regrets for the deaths of nearly 3 million people during BangladeshÕs war of independence in 1971.Ê "
2002-08-15,"Japan_gov","wwii_asia_victims","Japan","wwii_asia_victims",2002,"multilateral","2_regret",FALSE,"Japanese Prime Minister Junichiro Koizumi expressed regrets about JapanÕs past aggression."
2002-09-17,"Japan_gov","North Korea_gov","Japan","North Korea",2002,"international","3_apology",FALSE,"Japan expressed deep regret and heartfelt apology for the damage and suffering to the people of Korea through its colonial rule in the past"
2002-09-28,"North Korea_gov","Japan_gov","North Korea","Japan",2002,"international","3_apology",FALSE,"North Korean leader Kim Jong Il acknowledged that North Korean agents kidnapped Japanese civilians and apologized for the deaths of eight of the victims."
2002-12-07,"Iraq_gov","Kuwait_gov","Iraq","Kuwait",2002,"international","3_apology",FALSE,"Iraqi President Saddam Hussein apologized for invading Kuwait "
2003-01-01,"Nigeria_gov","Nigeria_min","Nigeria","Nigeria",2003,"domestic","3_apology",FALSE,"Nigerian President Olusegun Obasanjo  publicly apologized for the killing of more than 200 unarmed civilians by the army in Benue State in October 2001.
"
2003-05-05,"New Zealand_gov","New Zealand_min","New Zealand","Maori groups",2003,"domestic","3_apology",FALSE,"New Zealand formally apologized for violating treaties with Maori groups "
2003-07-10,"Benin_gov","United States_gov","Benin","United States",2003,"international","3_apology",FALSE,"Benin ambassador apologized for his country's role in the slave trade"
2003-08-12,"Japan_gov","China_gov","Japan","China",2003,"international","3_apology",FALSE,"Japan apologized to China, after dozens of people became sick from exposure to chemical weapons that Japan left in China at end of World War II."
2003-08-15,"Japan_gov","other_multilateral","Japan","other_multilateral",2003,"multilateral","2_regret",FALSE,"Prime Minister Junichiro Koizumi expressed remorse for damage and suffering caused to the people of many countries, particularly to those of Asian nations. "
2003-09-10,"Serbia_gov","Croatia_gov","Serbia","Croatia",2003,"international","3_apology",FALSE,"The President of the Union of Serbia and Montenegro, Svetozar Marovic,  apologized to Croatia"
2003-09-10,"Croatia_gov","Serbia_gov","Croatia","Serbia",2003,"international","3_apology",FALSE,"Croatian president Stjepan Mesic apologized to Serbia and Montenegro for inflicted pain and damage."
2003-10-31,"South Korea_gov","South Korea_min","South Korea","South Korea",2003,"domestic","3_apology",FALSE,"South Korean President, Roh Moo-hyun, visited Jeju island to apologize to Jeju islanders for the April 3 Incident."
2003-11-13,"Serbia_gov","Bosnia and Herzegovina_gov","Serbia","Bosnia and Herzegovina",2003,"international","2_regret",FALSE,"The President of Serbia and Montenegro, Svetozar Marovic, expressed regret for the wrongs committed by any citizen of Serbia and Montenegro against the people of Bosnia"
2004-01-01,"South Korea_gov","Vietnam_gov","South Korea","Vietnam",2004,"international","3_apology",TRUE,"South Korean President Roh Moo-hyun said that Korea had a ÒdebtÓ to repay while paying tribute to VietnamÕs communist revolutionary leader Ho Chi Minh."
2004-01-12,"Germany_gov","Namibia_gov","Germany","Namibia",2004,"international","2_regret",FALSE,"GermanyÕs ambassador to Namibia, Wolfgang Massing, expressed his countryÕs regret over the killing of thousands of people of the Herero tribe by German colonial troops."
2004-02-25,"Uganda_gov","Uganda_min","Uganda",NA,2004,"domestic","3_apology",FALSE,"Uganda President Museveni apologized for the armyÕs failure to prevent a deadly rebel attack on a refugee camp."
2004-02-25,"Guatemala_gov","Guatemala_min","Guatemala","Guatemala",2004,"domestic","3_apology",FALSE,"Guatemalan President Oscar Berger asked forgiveness for the state's role in the country's long civil war"
2004-03-24,"Argentina_gov","Argentina_min","Argentina","Argentina",2004,"domestic","3_apology",TRUE,"Argentinan President Nestor Kirchner apologized for the atrocities during military rule and for 20 years of silence during democracy"
2004-04-07,"South Africa_gov","Rwanda_gov","South Africa","Rwanda",2004,"international","3_apology",FALSE,"South African President Thabo Mbeki apologized on behalf of South Africa to Rwanda for the atrocities that occurred in 1994. "
2004-05-06,"United States_gov","Jordan_gov","United States","Jordan",2004,"international","3_apology",FALSE,"U.S. President George W. Bush apologized for the mistreatment of Iraqi prisoners by American soldiers in  joint press conference with Jordanian King Abdullah Bin Al Hussein II."
2004-05-07,"United States_gov","Iraq_gov","United States","Iraq",2004,"international","3_apology",FALSE,"U.S. Secretary of Defense Donald Rumsfeld apologized to the Abu Ghraib prisoners abused by American forces in a testimony before the Senate Armed Services Committee.  "
2004-05-09,"United Kingdom_gov","Iraq_gov","United Kingdom","Iraq",2004,"international","3_apology",FALSE,"U.K. Prime Minister Tony Blair apologized to Iraqi prisoners for abuse that they suffered at the hands of British Military Personnel"
2004-06-16,"Germany_gov","Namibia_gov","Germany","Namibia",2004,"international","2_regret",FALSE,"The German Bundestag acknowledged its moral responsibility toward Namibia and expressed regrets and its sorrow to ""the suppressed African peoples""."
2004-07-23,"Sri Lanka_gov","Sri Lanka_min","Sri Lanka","Sri Lanka",2004,"domestic","3_apology",FALSE,"Sri Lankan President Chandrika Kumaratunga apologized for the 1983 anti-Tamil pogrom. "
2004-07-26,"New Zealand_gov","New Zealand_min","New Zealand","Northern hapu Te Uri O Hau",2004,"domestic","3_apology",FALSE,"New Zealand Prime Minister Helen Clark apologized on behalf of the Crown for Treaty of Waitangi breaches against Northern hapu Te Uri O Hau."
2004-08-14,"Germany_gov","Namibia_gov","Germany","Namibia",2004,"international","2_regret",FALSE,"Germany's Development Aid Minister Heidemarie Wieczorek-Zeu expressed regret over the killing of Herero people in the colonial war."
2004-12-06,"Serbia_gov","Bosnia and Herzegovina_gov","Serbia","Bosnia and Herzegovina",2004,"international","3_apology",FALSE,"Serbian President Boris Tadic apologized to the victims that suffered under Serbia during the Bosnian war between 1992 and 1995."
2004-12-14,"New Zealand_gov","New Zealand_min","New Zealand","New Zealand",2004,"domestic","3_apology",FALSE,"The New Zealand government apologized to Vietnam veterans for their exposure to the herbicide Agent Orange while serving in the Vietnam war."
2005-02-09,"United Kingdom_gov","United Kingdom_min","United Kingdom","United Kingdom",2005,"domestic","3_apology",FALSE,"U.K. Prime Minister Tony Blair apologized for the wrongful imprisonment of 11 people in relation to IRA bombings in 1974."
2005-03-16,"Belgium_gov","holocaust_victims","Belgium","holocaust_victims",2005,"multilateral","3_apology",FALSE,"Belgian Prime minister Verhofstadt apologized for Belgian's role in deportation Jews at reopening of Yad Vashem"
2005-04-15,"Brazil_gov","slavery_victims","Brazil","slavery_victims",2005,"multilateral","3_apology",FALSE,"Brazil President Luiz Inacio Lula da Silva apologized for BrazilÕs role in slavery during a visit to SenegalÕs Goree Island"
2005-04-22,"Japan_gov","wwii_asia_victims","Japan","wwii_asia_victims",2005,"multilateral","3_apology",FALSE,"Japanese Prime Minister Junichiro Koizumi repeated Japan's feelings of deep remorse and heartfelt apology for the damage and suffering caused to the people of many countries, through its colonial rule and aggression."
2005-05-04,"Denmark_gov","wwii_asia_victims","Denmark","wwii_asia_victims",2005,"multilateral","3_apology",FALSE,"Danish Prime Minister Anders Fogh Rasmussen apologized for the extradition of innocent people from Denmark to Germany during the World War II."
2005-05-08,"Germany_gov","holocaust_victims","Germany","holocaust_victims",2005,"multilateral","2_regret",FALSE,"German President Horst Khler expressed horror and shame for WWII and the Holocaust."
2005-05-09,"Germany_gov","Russia_gov","Germany","Russia",2005,"international","3_apology",FALSE,"German Chancellor Gerhard Schroeder apologized in Russian newspaper to Russians for their suffering during World War II. "
2005-06-13,"United States_gov","United States_min","United States","United States",2005,"domestic","3_apology",FALSE,"The U.S. Senate apologized for its historic refusal to pass anti-lynching legislation."
2005-06-15,"Germany_gov","Armenia_gov","Germany","Armenia",2005,"international","2_regret",FALSE,"The German parliament deplores the fact that the German Reich made no attempt to stop the expulsion and annihliation of Armenians"
2005-07-18,"Guatemala_gov","Guatemala_min","Guatemala","Achi Mayans",2005,"domestic","3_apology",FALSE,"GuatemalaÕs Vice President, Eduardo Stein apologized in Plan de Sanchez for the government-directed 1982 massacre of more than 200 Achi Mayans."
2005-08-12,"India_gov","India_min","India","India",2005,"domestic","3_apology",FALSE,"Indian Prime minister Manmohan Singh apologized to the Sikh community and to the whole Indian nation for the 1984 anti-Sikh riots."
2005-08-15,"Japan_gov","India_gov","Japan","India",2005,"international","3_apology",FALSE,"Japanese Prime Minister Junichiro Koizumi apologized for JapanÕs wartime invasions on the 60th anniversary of the countryÕs surrender."
2005-08-16,"Netherlands_gov","Indonesia_gov","Netherlands","Indonesia",2005,"international","2_regret",FALSE,"Dutch Minister Ben Bot expressed profound regret for the suffering caused by the country's large-scale deployment of military forces In Indonesia in 1947 "
2005-08-25,"Czechia_gov","Germany_gov","Czechia","Germany",2005,"international","2_regret",FALSE,"The Czech Republic's government expressed regret for the treatment and expulsion of anti-Nazi Czechoslovaks of German ethnicity after World War II."
2005-09-01,"Guatemala_gov","Guatemala_min","Guatemala","Guatemala",2005,"domestic","3_apology",FALSE,"Guatemalan Vice-President Eduardo Stein apologized in the name of the government for the 1989 arrest and summary execution of 10 university students by state security forces"
2005-12-07,"Japan_gov","United States_gov","Japan","United States",2005,"international","2_regret",FALSE,"On the anniversary of the attack on Pearl Harbor, Japanese foreign minister Taro Aso expressed Òdeep remorseÓ for JapanÕs actions in World War II."
2006-04-03,"South Korea_gov","South Korea_min","South Korea","South Korea",2006,"domestic","3_apology",FALSE,"South Korean President Roh Moo-hyun apologized for the massacre of 12,000 leftist activists by government troops in 1948 in the southern island of Jeju."
2006-04-24,"Nepal_gov","Nepal_min","Nepal",NA,2006,"domestic","2_regret",FALSE,"During a speech reinstating parliament, NepalÕs King Gyanendra expressed condolences for the victims of recent political violence."
2006-06-22,"Canada_gov","Canada_min","Canada",NA,2006,"domestic","3_apology",FALSE,"Canadian Prime Minister Stephen Harper apologized  for the treatment of Chinese immigrants in imposing a head tax"
2006-07-15,"Suriname_gov","Suriname_min","Suriname",NA,2006,"domestic","3_apology",FALSE,"SurinameÕs president Ronald Venetiaan apologized for the massacre of 39 civilians from the village of Moiwana by the military in 1986."
2006-11-27,"United Kingdom_gov","slavery_victims","United Kingdom","slavery_victims",2006,"multilateral","2_regret",FALSE,"U.K. Prime Minister Tony Blair wrote a statement of regret in New Nation for Britain's role in the slave trade."
2007-03-26,"United Kingdom_gov","Ghana_gov","United Kingdom","Ghana",2007,"international","2_regret",FALSE,"U.K. Prime Minister Tony Blair expressed Òdeep sorrow and regretÓ for BritainÕs role in slavery."
2007-03-27,"Japan_gov","comfort_women","Japan","comfort_women",2007,"multilateral","3_apology",FALSE,"Japanese Prime Minister Shinzo Abe apologized for the use of sexual slavery during WWII"
2007-05-08,"Belgium_gov","holocaust_victims","Belgium","holocaust_victims",2007,"multilateral","3_apology",FALSE,"Belgian Prime minister Verhofstadt apologized for Belgian authorities' involvement in the deportation of Jews during WWII."
2007-06-23,"Serbia_gov","Croatia_gov","Serbia","Croatia",2007,"international","3_apology",FALSE,"Serb president Boris Tadic apologized for Serb crimes in Croatia during a Croatian tv broadcast"
2007-12-21,"Israel_gov","Israel_min","Israel","Israel",2007,"domestic","3_apology",FALSE,"President Shimon Peres apologized  for the 1956 massacre in Kafr Qasem"
2008-02-13,"Australia_gov","Australia_min","Australia","Aborigines",2008,"domestic","3_apology",FALSE,"The Australian government apologized to 'Stolen Generations'."
2008-03-18,"Germany_gov","Israel_gov","Germany","Israel",2008,"international","2_regret",FALSE,"German Chancellor Angela Merkel expressed the shame and historical responsibility of the German people for the Holocaust, in a speech in the Knesset. "
2008-05-29,"New Zealand_gov","New Zealand_min","New Zealand","New Zealand",2008,"domestic","3_apology",FALSE,"New Zealand apologized to Regular Force personnel deployed during the Viet Nam War, and acknowledged the many consequences of that service."
2008-06-11,"Canada_gov","Canada_min","Canada","Canada",2008,"domestic","3_apology",FALSE,"Canadian Prime Minister Stephen Harper apologized for abuses at Indian residential schools."
2008-07-15,"Taiwan_gov","Taiwan_min","Taiwan","Taiwan",2008,"domestic","3_apology",FALSE,"Taiwanese President Ma Ying-jeou apologized for the killing and imprisonment of tens of thousands of dissidents in the 1950s and 60s (White Terror). "
2008-07-15,"Indonesia_gov","Timor-Leste_gov","Indonesia","Timor-Leste",2008,"international","3_apology",FALSE,"At a press conference in Bali, President Yudhoyono of Indonesia and President Horta of Timor-Leste made a common apology for the crimes that happened during the East Timor independe battle in 1999. "
2008-07-15,"Timor-Leste_gov","Indonesia_gov","Timor-Leste","Indonesia",2008,"international","3_apology",FALSE,"At a press conference in Bali, President Yudhoyono of Indonesia and President Horta of Timor-Leste made a common apology for the crimes that happened during the East Timor independe battle in 1999. "
2008-07-29,"United States_gov","United States_min","United States","United States",2008,"domestic","3_apology",FALSE,"The U.S. House of Representatives issued an apology to black Americans for the institution of slavery and the subsequent Jim Crow laws "
2008-08-03,"Canada_gov","Canada_min","Canada","Canada",2008,"domestic","3_apology",FALSE,"Canadian Prime Minister Stephen Harper apologized for the 1914ÊKomagata MaruÊincident, in which several hundred South Asian immigrants were turned away from Vancouver.Ê"
2008-08-28,"Paraguay_gov","Paraguay_min","Paraguay","Paraguay",2008,"domestic","3_apology",FALSE,"Paraguay President Fernando Lugo  apologized to victims of human rights violations under the military government of General Alfredo Stroessner"
2008-08-30,"Italy_gov","Libya_gov","Italy","Libya",2008,"international","3_apology",FALSE,"In Benghazi, Italian Prime Minister Silvio Berlusconi apologized to Libya for damages during the colonial era"
2008-12-09,"Netherlands_gov","Indonesia_gov","Netherlands","Indonesia",2008,"international","2_regret",FALSE,"The Dutch Ambassador to Indonesia expressed regret for the 1947 massacre of 431 villagers in Rawagede (Indonesia) by Dutch soldiers"
2009-02-25,"Guatemala_gov","Guatemala_min","Guatemala","Guatemala",2009,"domestic","3_apology",FALSE,"Guatemalan President Alvaro Colom apologized for genocide during the civil war"
2009-04-30,"United States_gov","United States_min","United States","United States",2009,"domestic","3_apology",FALSE,"The U.S. Senate passed in which it apologized to all Native Peoples"
2009-05-30,"Japan_gov","United States_gov","Japan","United States",2009,"international","3_apology",FALSE,"The Japanese ambassador to the United States apologized to the 73 surviving POWs of the Bataan Death March in the Philippines in April 1942 during World War II."
2009-06-18,"United States_gov","slavery_victims","United States","slavery_victims",2009,"multilateral","3_apology",FALSE,"The U.S. Senate apologized for slavery "
2009-07-07,"Japan_gov","Canada_gov","Japan","Canada",2009,"international","2_regret",FALSE,"In Ottawa, Emperor Akihito of Japan expressed sadness that so many people experienced suffering and difficulties during the war."
2009-11-16,"Australia_gov","Australia_min","Australia","Australia",2009,"domestic","3_apology",FALSE,"The Australian parliament apologized to ÒForgotten AustraliansÓ and former child migrants."
2009-11-23,"Czechia_gov","Czechia_min","Czechia","Czechia",2009,"domestic","2_regret",FALSE,"The Czech government expressed regret over forced sterilization of Roma women"
2009-11-27,"Peru_gov","Peru_min","Peru","Peru",2009,"domestic","3_apology",FALSE,"Peru apologized to its citizens of African origin for centuries of Òabuse, exclusion and discrimination.Ó"
2010-01-14,"Chile_gov","Chile_min","Chile","Chile",2010,"domestic","3_apology",FALSE,"Chilean president Michelle Bachelet apologized to the descendants of a group of indigenous Kawesqar who were captured by German explorers in 1881, and shipped to Europe to be exhibited as curiosities in European cities.  "
2010-01-16,"El Salvador_gov","El Salvador_min","El Salvador","El Salvador",2010,"domestic","3_apology",FALSE,"El Salvador President Mauricio Funes apologized for state violence and terror"
2010-02-24,"United Kingdom_gov","United Kingdom_min","United Kingdom","United Kingdom",2010,"domestic","3_apology",FALSE,"British Prime Minister Gordon Brown apologized to Òhome childrenÓ for a government program that sent poor children from London abroad to labor in British colonies."
2010-03-27,"Sierra Leone_gov","Sierra Leone_min","Sierra Leone","Sierra Leone",2010,"domestic","3_apology",FALSE,"Sierra Leona President Ernest Bai Koroma apologized for violence against women during the civil war"
2010-03-30,"Serbia_gov","Bosnia and Herzegovina_gov","Serbia","Bosnia and Herzegovina",2010,"international","3_apology",FALSE,"The Serbian parliament passed a resolution apologizing for the stateÕs failure to prevent the massacre of some 7,000 Bosnian Muslims by the Bosnian Serb Army at Srebrenica in 1995.Ê"
2010-04-14,"Croatia_gov","Bosnia and Herzegovina_gov","Croatia","Bosnia and Herzegovina",2010,"international","3_apology",FALSE,"Croatian President Ivo Josipovic apologized for Croatia's role in the Bosnian War"
2010-04-28,"Canada_gov","Canada_min","Canada","Canada",2010,"domestic","3_apology",FALSE,"Canada passed a bill to acknowledge and apologize for the unjust internment of Italian Canadians during WWII"
2010-06-14,"United Kingdom_gov","United Kingdom_min","United Kingdom","United Kingdom",2010,"domestic","3_apology",FALSE,"U.K. Prime Minister David Cameron said he is deeply sorryÓ for the killing of 14 unarmed demonstrators in Northern Ireland on ÒBloody SundayÓ in 1972."
2010-07-16,"Taiwan_gov","Taiwan_min","Taiwan","Taiwan",2010,"domestic","3_apology",FALSE,"Taiwan President Ma Ying-jeou apologized to the family members of the victims of the ""White Terror"" era."
2010-08-10,"Japan_gov","South Korea_gov","Japan","South Korea",2010,"international","3_apology",FALSE,"Japanese Prime Minister Naoto Kan apologized for Korea's suffering under colonization as part of a statement marking the 100th anniversary of the annexation in 1910.

"
2010-08-18,"Canada_gov","United States_gov","Canada","United States",2010,"international","3_apology",FALSE,"The Canadian government apologized for relocating Inuit families to the High Arctic in the 1950s."
2010-09-13,"Japan_gov","United States_gov","Japan","United States",2010,"international","3_apology",FALSE,"At a visit by survivors, JapanÕs foreign minister offered a Òdeep, heartfelt apology for the inhuman treatmentÓ of U.S. POWs during World War II.Ê"
2010-10-01,"United States_gov","Guatemala_gov","United States","Guatemala",2010,"international","3_apology",FALSE,"U.S. President Barack Obama apologized for a 1946-1948 research study in which people in Guatemala were intentionally infected with sexually transmitted diseases. "
2010-10-01,"United States_gov","Guatemala_gov","United States","Guatemala",2010,"international","3_apology",FALSE,"U.S. Secretary of State Hillary Rodham Clinton and Secretary of Health and Human Services Kathleen Sebelius apologized for the U.S. Public Health Service Sexually Transmitted Disease Inoculation Study of 1946-1948"
2010-11-04,"Serbia_gov","Croatia_gov","Serbia","Croatia",2010,"international","3_apology",FALSE,"Serb president Boris Tadic apologized for the crimes committed by Serb forces in Vukovar 1991"
2010-11-26,"Russia_gov","Poland_gov","Russia","Poland",2010,"international","2_regret",FALSE,"The Russian Duma expressed sorrow for the Òterrible tragedyÓ of the Katyn massacre of 22,000 Polish officers in 1940.Ê "
2011-02-06,"Brazil_gov","slavery_victims","Brazil","slavery_victims",2011,"multilateral","3_apology",FALSE,"Brazil's Secretary General of the Presidency, Gilberto Carvalho,  apologized for Brazil's role in slavery in a speech at the opening of the World Social Forum  in Dakar, Senegal."
2011-03-03,"Japan_gov","Australia_gov","Japan","Australia",2011,"international","3_apology",FALSE,"Japanese Foreign Minister Seiji Maehara apologized to Australian POWs for the ill-treatment they received while in Imperial Japanese captivity."
2011-07-08,"Colombia_gov","Colombia_min","Colombia","Colombia",2011,"domestic","3_apology",FALSE,"Colombian President Juan Manuel Santos asked for forgiveness in the name of the state from the people of El Salado for the massacres committed by paramilitary between 1997 and 2000."
2011-09-21,"United Kingdom_gov","United Kingdom_min","United Kingdom","United Kingdom",2011,"domestic","3_apology",FALSE,"The British government apologized for Bloody Sunday."
2011-10-06,"United States_gov","United States_min","United States","United States",2011,"domestic","2_regret",FALSE,"The U.S. Senate expressed regret for the passage of discriminatory laws against the Chinese in America, including the Chinese Exclusion Act"
2011-11-08,"Mexico_gov","Mexico_min","Mexico","Mexico",2011,"domestic","3_apology",FALSE,"The Mexican Undersecretary of the Interior Felipe Zamora apologized on behalf of the Mexican state to the relatives of all the women who were murdered in 2001 for the errors and negligence."
2011-11-23,"Turkey_gov","Turkey_min","Turkey","Kurds",2011,"domestic","3_apology",FALSE,"Turkish Prime Minster Recep Tayyip Erdogan apologized for the killing of 14,000 Kurds in the 1930s."
2011-12-01,"Guatemala_gov","Guatemala_min","Guatemala","Guatemala",2011,"domestic","3_apology",FALSE,"Guatemala President Alvaro Colom apologized for the 1982 massacre in Dos Erres"
2011-12-08,"Japan_gov","Canada_gov","Japan","Canada",2011,"international","3_apology",FALSE,"The Japanese government apologized for the mistreatment of captured Canadian soldiers during World War II."
2011-12-09,"Netherlands_gov","Indonesia_gov","Netherlands","Indonesia",2011,"international","3_apology",FALSE,"The Dutch ambassador to Indonesia, Tjeerd de Zwaan, apologized for the 1947 Rawagede massacre."
2011-12-11,"El Salvador_gov","El Salvador_min","El Salvador","El Salvador",2011,"domestic","3_apology",FALSE,"On behalf of the El Salvador government, foreign minister Hugo Martinez asked for forgiveness to the victims of the El Mozote massacre."
2012-01-16,"El Salvador_gov","El Salvador_min","El Salvador","El Salvador",2012,"domestic","3_apology",FALSE,"On behalf of the El Salvador government, foreign minister Hugo Martinez asked for forgiveness to the victims of the El Mozote massacre."
2012-01-23,"Colombia_gov","Colombia_min","Colombia","Colombia",2012,"domestic","3_apology",FALSE,"Colombian President Juan Manuel Santos apologized to the victims of a paramilitary massacre in the Colombian town of El Tigre"
2012-01-27,"Norway_gov","Norway_min","Norway","Jewish community",2012,"domestic","3_apology",FALSE,"Norway apologized for the countryÕs complicity in the deportation and deaths of Jews during the Nazi occupation in World War Two."
2012-02-15,"Croatia_gov","Israel_gov","Croatia","Israel",2012,"international","3_apology",FALSE,"Croatian President Ivo Josipovi apologized over the role his country played in the crimes committed against Jews during the Second World War, in an address to the Knesset."
2012-03-07,"Taiwan_gov","Taiwan_min","Taiwan","Taiwan",2012,"domestic","3_apology",FALSE,"Taiwan President Ma Ying-jeou apologized to the victims of the February 28th Incident and White Terror
"
2012-04-03,"Togo_gov","Togo_min","Togo","Togo",2012,"domestic","3_apology",FALSE,"Togo's President Faure Gnassingbe on Tuesday begged for pardon from victims of political violence committed in the country between 1958 and 2005"
2012-06-08,"Germany_gov","Czechia_gov","Germany","Czechia",2012,"international","3_apology",FALSE,"German President Gauck apologized for the Nazi massacre of Lidice, Czech Republic."
2012-06-18,"United States_gov","United States_min","United States","United States",2012,"domestic","2_regret",FALSE,"U.S. House expressed regret for discriminatory laws against Chinese Americans"
2012-09-12,"Belgium_gov","holocaust_victims","Belgium","holocaust_victims",2012,"multilateral","3_apology",FALSE,"Belgian Prime Minister Di Rupo apologized for Belgium's role in deportation Jews"
2012-10-12,"Colombia_gov","Colombia_min","Colombia","Colombia",2012,"domestic","3_apology",FALSE,"Colombian President Juan Manuel Santos apologized for deaths and devastation in Amazon rubber boom"
2012-12-15,"Myanmar_gov","Myanmar_min","Myanmar","Myanmar",2012,"domestic","3_apology",FALSE,"Myanmar apologized to monks over copper mine crackdown"
2013-02-19,"Ireland_gov","Ireland_min","Ireland","Ireland",2013,"domestic","3_apology",FALSE,"Irish Prime Minister (Taoiseach) Enda Kenny apologized to the thousands of women who worked without pay in the Magdalene Laundries."
2013-02-20,"United Kingdom_gov","India_gov","United Kingdom","India",2013,"international","2_regret",FALSE,"British Prime Minister David Cameron called the massacre Òa deeply shameful event in British historyÓ"
2013-03-21,"Australia_gov","Australia_min","Australia","Australia",2013,"domestic","3_apology",FALSE,"Australian Prime Minister Julia Gillard apologized for the governmentÕs policy of forcing unwed mothers to give up their babies for adoption by married couples from the 1950s to the 1970s"
2013-03-24,"Germany_gov","Italy_gov","Germany","Italy",2013,"international","3_apology",FALSE,"German President Gauck apologized for the massacre of Sant'Anna di Stazzema in Italy"
2013-04-11,"Switzerland_gov","Switzerland_min","Switzerland","Switzerland",2013,"domestic","3_apology",FALSE,"Switzerland apologized to hundreds of victims of draconian social welfare policies that separated poor and illegitimate children from their families and  led to forced sterilizations."
2013-04-25,"Serbia_gov","Bosnia and Herzegovina_gov","Serbia","Bosnia and Herzegovina",2013,"international","3_apology",FALSE,"Serbian President Tomislav Nikolic apologized for the 1995 Srebrenica massacre and asks for pardon."
2013-06-04,"Turkey_gov","Turkey_min","Turkey","Turkey",2013,"domestic","3_apology",FALSE,"Turkish Deputy Prime Minister Bulent Arinc apologized for a crackdown on demonstrators protesting plans to raze Gezi Park in Istanbul.Ê"
2013-06-06,"United Kingdom_gov","Kenya_gov","United Kingdom","Kenya",2013,"international","2_regret",FALSE,"The British government expressed regret for the abuses that took place during the Emergency Period and Mau Mau insurgency"
2013-07-01,"Netherlands_gov","slavery_victims","Netherlands","slavery_victims",2013,"multilateral","3_apology",FALSE,"Dutch minister of Social Affairs and Employment Lodewijk Asscher apologized for the Dutch role in slavery."
2013-07-15,"Taiwan_gov","Taiwan_min","Taiwan","Taiwan",2013,"domestic","3_apology",FALSE,"Taiwan President Ma Ying-jeou conveyed his condolences and apologized to victims of the White Terror era at a memorial in Taipei City"
2013-08-21,"Germany_gov","holocaust_victims","Germany","holocaust_victims",2013,"multilateral","2_regret",FALSE,"German Chancellor Angela Merkel expressed Òdeep sorrow and shameÓ for the crimes of the Nazi regime during a visit to the Nazi concentration camp at Dachau."
2013-08-21,"Yemen_gov","Yemen_min","Yemen","Yemen",2013,"domestic","3_apology",FALSE,"Yemen's government apologized to southern separatists and northern rebels for wars against them."
2013-09-04,"Germany_gov","France_gov","Germany","France",2013,"international","3_apology",FALSE,"German President Gauck apologized for the Nazi massacre of Oradour, France"
2013-09-12,"Netherlands_gov","Indonesia_gov","Netherlands","Indonesia",2013,"international","3_apology",FALSE,"On behalf of the Dutch government, Ambassador to Indonesia Tjeerd de Zwaan apologized to the widows of men who were summarily executed by Dutch soldiers in South Sulawesi and Rawagedeh."
2013-09-25,"Sweden_gov","Sweden_min","Sweden","Roma",2013,"domestic","3_apology",FALSE,"Swedish Justice Minister Beatrice Ask apologized to the country's Roma community for the registries maintained by the police in Skne in southern Sweden."
2014-01-23,"Hungary_gov","holocaust_victims","Hungary","holocaust_victims",2014,"multilateral","3_apology",FALSE,"Hungarian ambassador apologized for role Hungary in Holocaust"
2014-03-07,"Germany_gov","Greece_gov","Germany","Greece",2014,"international","3_apology",FALSE,"Germany apologized to Greece over a 1943 massacre of civilians"
2014-04-09,"Japan_gov","United States_gov","Japan","United States",2014,"international","3_apology",FALSE,"Japanese Ambassador to the Philippines Toshinao Urabe expressed ""heartfelt apology"" and ""deep remorse"" and vowed ""never to wage war again"" at the Day of Valor ceremony in Bataan."
2014-04-23,"Turkey_gov","Armenia_gov","Turkey","Armenia",2014,"international","2_regret",FALSE,"Turkish Prime Minister Erdogan offered condolences to Armenia over WWI killings  on the eve of the 99th anniversary of the start of the deportations"
2014-05-07,"Norway_gov","Norway_min","Norway","Norway",2014,"domestic","3_apology",FALSE,"Norway minister Anders Bals apologized to Roma people"
2014-10-01,"Ecuador_gov","Ecuador_min","Ecuador","Ecuador",2014,"domestic","3_apology",FALSE,"EcuadorÕs Minister of Justice, Ledy Zuniga, apologized to a community from the Sarayaku Indigenous group over the development of an oil project in their ancestral lands almost two decades ago."
2014-10-26,"Israel_gov","Israel_min","Israel","Israel",2014,"domestic","3_apology",FALSE,"Israeli President Reuven Rivlin apologized for the 1956 massacre of Palestinians in Kafr Qasim."
2015-03-26,"Kenya_gov","Kenya_min","Kenya","Kenya",2015,"domestic","3_apology",FALSE,"Kenyan President Uhuru Kenyatta apologized to the Kenyan people for past wrongs committed by his government and previous ones"
2015-04-08,"Norway_gov","Norway_min","Norway","Norway",2015,"domestic","3_apology",FALSE,"Norwegian Prime Minister Erna Solberg apologized to Roma people in a speech at the celebration on International Roma Day in Oslo."
2015-04-23,"Germany_gov","Armenia_gov","Germany","Armenia",2015,"international","1_acknowledge",FALSE,"German President Gauck acknowledged German shared responsibility and guilt for Armenian genocide"
2015-04-29,"Japan_gov","United States_gov","Japan","United States",2015,"international","3_apology",FALSE,"Prime Minister Shinz_ Abe stated ""deep repentance"" for Japan's actions during World War II during a speech at a Joint session of the United States Congress."
2015-06-01,"Norway_gov","Norway_min","Norway","Norway",2015,"domestic","3_apology",FALSE,"The Norwegian government issued an apology to the countryÕs Tater- and Romani minority for unjust treatment during the last century. "
2015-06-09,"Luxembourg_gov","holocaust_victims","Luxembourg","holocaust_victims",2015,"multilateral","3_apology",FALSE,"Luxembourg apologized for role in WWII persecution of Jews"
2015-07-23,"Croatia_gov","Israel_gov","Croatia","Israel",2015,"international","2_regret",FALSE,"During a visit to Israel, president Grabar Kitarovic expressed deep sorrow for all the victims who died in the Holocaust in Croatia at the hands of the collaborationist Ustashe regime."
2015-08-14,"Japan_gov","wwii_asia_victims","Japan","wwii_asia_victims",2015,"multilateral","2_regret",FALSE,"Japan's Prime Minister Shinzo Abe expressed ""utmost grief"" for the suffering Japan inflicted in World War II."
2015-08-15,"Japan_gov","wwii_asia_victims","Japan","wwii_asia_victims",2015,"multilateral","2_regret",TRUE,"Emperor Akihito expressed Òdeep remorseÓ over WWII at a memorial service on the 70th anniversary of the warÕs end."
2015-08-27,"Monaco_gov","holocaust_victims","Monaco","holocaust_victims",2015,"multilateral","3_apology",FALSE,"Prince Albert II of Monaco apologized for his countryÕs deportation of Jews during World War II and asks for forgiveness."
2015-11-06,"Colombia_gov","Colombia_min","Colombia","Colombia",2015,"domestic","3_apology",FALSE,"Colombian President Juan Manuel Santos apologized for deadly army raid supreme court"
2015-12-28,"Japan_gov","South Korea_gov","Japan","South Korea",2015,"international","4_apology_redress",FALSE,"Japan issued an apology and a $8.3 million payment for the Imperial ArmyÕs use of Òcomfort womenÓ during World War II"
2016-01-16,"El Salvador_gov","El Salvador_min","El Salvador","El Salvador",2016,"domestic","3_apology",FALSE,"El Salvador President Salvador Snchez Cern asked for forgiveness for the victims when commemorating the 24th anniversary of the end of the civil war (1980-1992)."
2016-01-23,"Colombia_gov","Colombia_min","Colombia","Colombia",2016,"domestic","3_apology",FALSE,"Colombian President Juan Manuel Santos apologized for the El Placer massacres in 1999"
2016-03-10,"Ethiopia_gov","Ethiopia_min","Ethiopia","Ethiopia",2016,"domestic","3_apology",FALSE,"Ethiopian Prime Minister Hailemariam Desalegn apologized for the death and destruction caused by protests in Oromia region"
2016-05-18,"Canada_gov","Canada_min","Canada",NA,2016,"domestic","3_apology",FALSE,"Canadian Prime Minister Justin Trudeau apologized for the 1914 Komagata Maru incident, in which 376 South Asians were refused entry to Canada."
2016-05-31,"Germany_gov","Armenia_gov","Germany","Armenia",2016,"international","2_regret",TRUE,"The German parliament recognizes the Armenian genocide, deplores the role of Germany and bows to the victims"
2016-07-05,"Solomon Islands_gov","Solomon Islands_min","Solomon Islands","Solomon Islands",2016,"domestic","3_apology",FALSE,"The Solomon Islands Prime Minister, Manasseh Sogavare, apologized to all Solomon Islanders for the 'ethnic tensions' at the turn of the century. "
2016-08-01,"Taiwan_gov","Taiwan_min","Taiwan","Taiwan",2016,"domestic","3_apology",FALSE,"Taiwan President Tsai Ing-wen apologized to the countryÕs aboriginal residents for centuries of mistreatment and discrimination."
2016-08-02,"Hungary_gov","holocaust_victims","Hungary","holocaust_victims",2016,"multilateral","3_apology",FALSE,"Hungarian minister apologized for role Hungary in Holocaust"
2016-08-31,"El Salvador_gov","El Salvador_min","El Salvador","El Salvador",2016,"domestic","3_apology",FALSE,"El Salvador President Snchez Cern apologized on behalf of the State to victims of the armed conflict"
2016-11-20,"Finland_gov","Finland_min","Finland","Finland",2016,"domestic","3_apology",FALSE,"Finland apologized for the pain and abuse suffered by generations of children in its care"
2017-01-09,"United States_gov","United States_min","United States","United States",2017,"domestic","3_apology",FALSE,"U.S. Secretary of State John Kerry apologized for ""lavender scare"": the state departments past treatment of gay US employees.Ê"
2017-04-04,"Jamaica_gov","Jamaica_min","Jamaica","Jamaica",2017,"domestic","3_apology",FALSE,"Jamaican Pime Minister Andrew Holness apologized to the Rastafari community in Parliament."
2017-06-09,"New Zealand_gov","New Zealand_min","New Zealand","New Zealand",2017,"domestic","3_apology",FALSE,"New Zealand offered the people of Parihaka an apology for actions in the late 1800s at a reconciliation ceremony."
2017-06-23,"Chile_gov","Chile_min","Chile","Chile",2017,"domestic","3_apology",FALSE,"Chilean President Michelle BacheletÕs apologized to the Mapuche Indians, for the Òmistakes and atrocitiesÓ committed against them by the Chilean state."
2017-07-06,"New Zealand_gov","New Zealand_min","New Zealand","New Zealand",2017,"domestic","3_apology",FALSE,"New Zealand apologized for the Òtremendous hurt and sufferingÓ of hundreds of men who were convicted of homosexuality during the years it was treated as a crime."
2017-08-15,"Japan_gov","wwii_asia_victims","Japan","wwii_asia_victims",2017,"multilateral","2_regret",FALSE,"Emperor Akihito expressed remorse for WWII"
2017-09-20,"Canada_gov","Canada_min","Canada","Canada",2017,"domestic","2_regret",FALSE,"Canadian Prime Minister Justin Trudeau called country's failure to respect the rights of Indigenous Peoples in Canada ""our great shame.""
"
2017-10-06,"Spain_gov","Spain_min","Spain","Catalonia",2017,"domestic","3_apology",FALSE,"The Spanish governmentÕs official representative in Catalonia apologized for police violence during the Catalan general strike."
2017-10-06,"Spain_gov","Spain_min","Spain","Catalonia",2017,"domestic","3_apology",FALSE,"The Spanish government spokesperson has apologized for police violence during the Catalan general strike."
2017-10-10,"Ecuador_gov","Ecuador_min","Ecuador","Ecuador",2017,"domestic","3_apology",FALSE,"Ecuador President Lenin Moreno asked for forgiveness on behalf of the State to those who were victims of human rights violations in several previous governments."
2017-11-24,"Canada_gov","Canada_min","Canada","Canada",2017,"domestic","3_apology",FALSE,"Canadian Prime Minister Justin Trudeau apologized for treatment of Indigenous children in residential schools "
2017-11-28,"Canada_gov","Canada_min","Canada","Canada",2017,"domestic","3_apology",FALSE,"Canadian Prime Minister Justin Trudeau apologized for historical injustices against CanadaÕs LGBTQ2 community. "
2017-12-06,"Jamaica_gov","Jamaica_min","Jamaica","Jamaica",2017,"domestic","3_apology",FALSE,"The Jamaican government apologized to residents of Tivoli Gardens and all Jamaicans who were affected by the operations of the security forces in May 2010, which resulted in the loss of lives and damage to property."
2017-12-20,"Mexico_gov","Mexico_min","Mexico","Mexico",2017,"domestic","3_apology",FALSE,"The Mexican government apologized to three hh indigenous women and recognized that it unfairly imprisoned them for 3 years."
2018-01-06,"Antigua and Barbuda_gov","Antigua and Barbuda_min","Antigua and Barbuda","Antigua and Barbuda",2018,"domestic","3_apology",FALSE,"Antigua and Barbuda Prime minister Gaston Browne apologized to Rastafarian community for decades of persecution and abuse by the police"
2018-03-04,"Ethiopia_gov","Ethiopia_min","Ethiopia","Ethiopia",2018,"domestic","3_apology",FALSE,"Ethiopian Prime minister Abiy Ahmed asks for forgiveness for past violence"
2018-03-08,"Poland_gov","Israel_gov","Poland","Israel",2018,"international","3_apology",FALSE,"Polish President Andrzej Duda apologized to Jews chased out of the country 50 years ago during the communist regimeÕs anti-Semitic campaign."
2018-03-23,"South Korea_gov","Vietnam_gov","South Korea","Vietnam",2018,"international","2_regret",FALSE,"South-Korean President Moon Jae-in expressed his regrets concerning massacres of Vietnamese civilians by Korean soldiers during the Vietnam War during a summit in Hanoi"
2018-03-26,"Canada_gov","Canada_min","Canada","Canada",2018,"domestic","3_apology",FALSE,"Canadian Prime Minister Justin Trudeau apologized for the 1864 hanging of a group of indigenous leaders by British colonial authorities. "
2018-04-03,"South Korea_gov","South Korea_min","South Korea","South Korea",2018,"domestic","3_apology",FALSE,"South-Korean President Moon Jae-in apologized to the victims of state violence during a ceremony marking the 70th anniversary of the bloody April 3 incident on the southern island of Jeju."
2018-04-16,"United Kingdom_gov","United Kingdom_min","United Kingdom",NA,2018,"domestic","3_apology",FALSE,"U.K. Home Secretary Amber Rudd delivered apology for the ÒappallingÓ actions of her own department towards Windrush-era citizens."
2018-04-17,"United Kingdom_gov","United Kingdom_min","United Kingdom",NA,2018,"domestic","3_apology",FALSE,"U.K. Prime Mininister Theresa May has apologized to the 12 Caribbean heads of government for the treatment of Windrush citizens and promised that no one would be deported."
2018-04-17,"United Kingdom_gov","United Kingdom_min","United Kingdom",NA,2018,"domestic","2_regret",FALSE,"U.K. Prime Minister Theresa May expressed regret for anti-gay laws and legacy of discrimination"
2018-05-01,"Antigua and Barbuda_gov","Antigua and Barbuda_min","Antigua and Barbuda","Antigua and Barbuda",2018,"domestic","3_apology",FALSE,"Antigua and Barbuda Prime Minister Gaston Browne apologized for discrimination of Rastafari"
2018-05-16,"Afghanistan_gov","Afghanistan_min","Afghanistan","Afghanistan",2018,"domestic","3_apology",FALSE,"Afghan President Ashraf Ghani apologized  to the families of civilians killed and injured in Dasht-e Archi, Kunduz province, on April 2, 2018 by Afghan air force helicopters."
2018-06-03,"Germany_gov","Germany_min","Germany",NA,2018,"domestic","3_apology",FALSE,"German President Frank-Walter Steinmeier apologized for the treatment of homosexuals under the National Socialist Regime "
2018-06-04,"Netherlands_gov","Netherlands_min","Netherlands","Netherlands",2018,"domestic","3_apology",FALSE,"The Dutch Minister of Defense apologized to those employed between 1984-2006 and who have not been properly protected for exposure to chromium-6."
2018-06-05,"Ireland_gov","Ireland_min","Ireland","Ireland",2018,"domestic","3_apology",FALSE,"Irish President Michael Higgins has apologized to thousands of women forced to work in the country's Magdalene Laundries."
2018-08-15,"Japan_gov","wwii_asia_victims","Japan","wwii_asia_victims",2018,"multilateral","2_regret",FALSE,"Emperor Akihito repeated his Òdeep remorseÓ at the annual ceremony commemorating the end of World War II, "
2018-08-23,"United Kingdom_gov","United Kingdom_min","United Kingdom","United Kingdom",2018,"domestic","3_apology",FALSE,"U.K. Home Secretary Amber Rudd apologized in the House of Commons to the Windrush generation."
2018-10-10,"El Salvador_gov","El Salvador_min","El Salvador","El Salvador",2018,"domestic","3_apology",FALSE,"El Salvador Minister of Foreign Affairs, Carlos Castaneda, asked for forgiveness for the killing of 22 inhabitants of the village of Las Canoas, Santa Ana by military groups on September 8, 1980."
2018-10-11,"Germany_gov","Greece_gov","Germany","Greece",2018,"international","3_apology",FALSE,"German President Frank-Walter Steinmeier apologized for nazi crimes in Greece"
2018-10-17,"Norway_gov","Norway_min","Norway","Norway",2018,"domestic","3_apology",FALSE,"Norway's Prime Minister Erna Solberg has issued an official government apology to Norwegian women who were mistreated over World War Two-era relationships with German soldiers."
2018-10-22,"Australia_gov","Australia_min","Australia","Australia",2018,"domestic","3_apology",FALSE,"Prime Minister Scott Morrison delivered apology to the thousands of Australians who suffered sexual abuse as children at the hands of institutions that were trusted with their care."
2018-10-25,"United Kingdom_gov","United Kingdom_min","United Kingdom",NA,2018,"domestic","3_apology",FALSE,"U.K. Minister Sajid Javis apologized to immigrants forced to give DNA sample"
2018-11-02,"Canada_gov","Canada_min","Canada","Canada",2018,"domestic","3_apology",FALSE,"Canadian Prime Minister Justin Trudeau apologized to the Tsilhqot'in Nation for the hanging of six chiefs more than 150 years ago. "
2018-11-06,"South Korea_gov","South Korea_min","South Korea","South Korea",2018,"domestic","3_apology",FALSE,"South Korean Prime Minister Lee Nak-yon apologized for sexual violence by troops in 1980 crackdown on Gwangju uprising"
2018-11-07,"South Korea_gov","South Korea_min","South Korea","South Korea",2018,"domestic","3_apology",TRUE,"South Korean defence minister bowed as he described how soldiers inflicted ""unspeakable pain"" on innocent women in the city of Gwangju in 1980."
2018-11-07,"Canada_gov","holocaust_victims","Canada","holocaust_victims",2018,"multilateral","3_apology",FALSE,"Canadian Prime Minister
Trudeau apologized for the 1939 decision to turn away Jewish refugees fleeing Nazis"
2019-02-28,"Germany_gov","Namibia_gov","Germany","Namibia",2019,"international","3_apology",FALSE,"German Minister Theresia Bauer apologized for 'injustices of the past' against the Namas and Hereros"
2019-03-01,"Armenia_gov","Armenia_min","Armenia","Armenia",2019,"domestic","3_apology",FALSE,"Armenian Prime Minister Pashinyan apologized to victims of March 1 2008 election protests, and to all victims of policital killings in Armenia since independence"
2019-03-05,"South Sudan_gov","South Sudan_min","South Sudan","South Sudan",2019,"domestic","3_apology",FALSE,"South Sudan President Salva Kiir asked for forgiveness from WauÕs inhabitants Òmistakes and sufferingÓ committed by the state during the civil war"
2019-03-08,"Canada_gov","Canada_min","Canada","Canada",2019,"domestic","3_apology",FALSE,"Canadian Prime Minister Justin Trudeau apologized in Iqaluit for the federal policy on tuberculosis in the mid-20th century."
2019-04-04,"Belgium_gov","Belgium_min","Belgium","Belgium",2019,"domestic","3_apology",FALSE,"Belgium apologized for kidnapping thousands of mixed-race children from Congo between 1959 and 1962."
2019-04-10,"United Kingdom_gov","India_gov","United Kingdom","India",2019,"international","2_regret",FALSE,"U.K. Prime minister Theresa May expressed regret in parliament for massacre in Amritsar"
2019-04-24,"Japan_gov","Japan_min","Japan","Japan",2019,"domestic","3_apology",FALSE,"Japanese Prime Minister Shinzo Abe issued an apology for the ""great suffering"" tens of thousands of victims of forced sterilisation experienced. "
2019-05-08,"United Kingdom_gov","United Kingdom_min","United Kingdom","United Kingdom",2019,"domestic","2_regret",FALSE,"U.K. Prime Minister Theresa May expressed regret during Vaisakhi reception for massacre in Amritsar"
2019-06-12,"Netherlands_gov","Netherlands_min","Netherlands","Netherlands",2019,"domestic","3_apology",FALSE,"The Dutch government apologized for the psychological, physical, and sexual violence in Child Services from 1945 to the present."
2019-08-01,"Germany_gov","Poland_gov","Germany","Poland",2019,"international","3_apology",FALSE,"German Foreign Affairs Minister Heiko Maas asks for forgiveness for WO II"
2019-08-13,"Denmark_gov","Denmark_min","Denmark","Denmark",2019,"domestic","3_apology",FALSE,"Danish Prime Minister Mette Frederiksen has officially said sorry to hundreds of victims of historical abuse in state-run homes. "
2019-08-15,"Japan_gov","wwii_asia_victims","Japan","wwii_asia_victims",2019,"multilateral","2_regret",FALSE,"Emperor Naruhito expressed Òdeep and renewed sense of sorrowÓ to victims of WWII"
2019-08-25,"Germany_gov","Italy_gov","Germany","Italy",2019,"international","3_apology",FALSE,"German President Frank-Walter Steinmeier apologized to victims of massacre in Fivizzano"
2019-09-01,"Germany_gov","Poland_gov","Germany","Poland",2019,"international","3_apology",FALSE,"German President Frank-Walter Steinmeier asks Poland for forgiveness for WWII (Wieln)"
2019-10-16,"South Korea_gov","South Korea_min","South Korea","South Korea",2019,"domestic","3_apology",FALSE,"South-Korean President Moon Jae-in apologized to victims of the Busan-Masan democratic protests during a ceremony at Kyungnam University"
2019-10-22,"Ireland_gov","Ireland_min","Ireland","Ireland",2019,"domestic","3_apology",FALSE,"Taoiseach Leo Varadkar has apologized to women with cervical cancer."
2019-12-19,"Netherlands_gov","Netherlands_min","Netherlands","Netherlands",2019,"domestic","3_apology",FALSE,"The Dutch government apologized to the women who were forced to work in laundries run by the Sisters of the Good Shepherd (Zusters van de Goede Herder)."
2020-01-23,"Germany_gov","holocaust_victims","Germany","holocaust_victims",2020,"multilateral","2_regret",TRUE,"German President Walter Steinmeier says he 'bows in deepest sorrow' for the victims of the Holocaust during Fifth Holocaust Forum at Yad Vashem"
2020-01-26,"Netherlands_gov","holocaust_victims","Netherlands","holocaust_victims",2020,"multilateral","3_apology",FALSE,"Dutch Prime Minister Mark Rutte apologized during the National Holocaust Commemoration for the Dutch government actions during the Holocaust"
2020-03-10,"Netherlands_gov","Indonesia_gov","Netherlands","Indonesia",2020,"international","3_apology",FALSE,"Netherlands King Willem-Alexander apologized to Indonesia for the violent excesses by Dutch soldiers during the Indonesian independence war of 1945-49."
2020-03-19,"United Kingdom_gov","United Kingdom_min","United Kingdom",NA,2020,"domestic","3_apology",FALSE,"U.K. Home Secretary Priti Patel apologized to Windrush generation in makes a statement on the Windrush lessons learned review."
2020-06-08,"United Kingdom_gov","United Kingdom_min","United Kingdom",NA,2020,"domestic","3_apology",FALSE,"U.K. Home Secretary Priti Patel apologized to Windrush generation via Twitter."
2020-06-30,"Belgium_gov","Congo_gov","Belgium","Congo",2020,"international","2_regret",FALSE,"Belgian King Filippe expressed 'profound regret' in a letter to the President of the Democratic Republic of Congo as the country marks the 60th anniversary of its independence."
2020-07-30,"Spain_gov","Spain_min","Spain","Spain",2020,"domestic","3_apology",FALSE,"The Second Deputy Prime Minister Spain has apologized for ""institutional racism"" in the country against people from the Roma ethnic community."
2020-08-13,"Belarus_gov","Belarus_min","Belarus","Belarus",2020,"domestic","3_apology",FALSE,"Interior Minister Yuri Karayev apologized to  Belarussians that got detained after protesting the results of  elections."
2020-08-15,"Japan_gov","wwii_asia_victims","Japan","wwii_asia_victims",2020,"multilateral","2_regret",FALSE,"Emperor Naruhito expressed ""deep remorse"" over Japan's wartime past at a memorial ceremony to mark the 75th anniversary of the end of World War II."
2020-10-30,"Qatar_gov","other_multilateral","Qatar","other_multilateral",2020,"multilateral","3_apology",FALSE,"Qatar issued its 'sincerest apology' for the forced internal examinations of women at airport"
2020-11-30,"Netherlands_gov","Netherlands_min","Netherlands","Netherlands",2020,"domestic","3_apology",FALSE,"The Dutch government apologized to transgender people for previously mandating surgeries, including sterilization, as a prerequisite for legal gender recognition."
2020-12-08,"Denmark_gov","Denmark_min","Denmark","Greenland",2020,"domestic","3_apology",FALSE,"Danish Prime minister Mette Frederiksen apologized to children taken from Greenland in 1950s 'social experiment'"
2021-01-13,"Ireland_gov","Ireland_min","Ireland","Ireland",2021,"domestic","3_apology",FALSE,"Taoiseach Michael Martin apologized for abuses in church-run homes for unwed mothers and their babies"
2021-01-14,"United Kingdom_gov","United Kingdom_min","United Kingdom","United Kingdom",2021,"domestic","3_apology",FALSE,"UK Minister of Health O'Brien apologized for or the injury and suffering endured by all those affected when expectant mothers took the drug thalidomide between 1958 and 1961"
2021-05-03,"Mexico_gov","Mexico_min","Mexico","Mexico",2021,"domestic","3_apology",FALSE,"President Andres Manuel Lopez Obrador apologized to the indigenous Maya people for the Òterrible abusesÓ committed against them in the centuries since the Spanish conquest"
2021-05-17,"Mexico_gov","Mexico_min","Mexico","Mexico",2021,"domestic","3_apology",FALSE,"President of Mexico apologized for the 1911 massacre in which over 300 Chinese people were killed by revolutionary troops in the northern city of Torren."
2021-05-19,"United Kingdom_gov","United Kingdom_min","United Kingdom","United Kingdom",2021,"domestic","3_apology",FALSE,"Prime minister Boris Johnson apologized in House of Commons to the families of the 10 people killed in Ballymurphy in 1971."
2021-05-27,"Angola_gov","Angola_min","Angola","Angola",2021,"domestic","3_apology",FALSE,"AngolaÕs president, Joo Loureno, has apologised on behalf of the state for the summary executions carried out after the alleged coup of 27 May 1977"
2021-05-27,"France_gov","Rwanda_gov","France","Rwanda",2021,"international","3_apology",FALSE,"French President Emmanuel Macron has asked Rwandans to forgive France for its role in the 1994 Rwandan genocide"
2021-05-27,"Canada_gov","Canada_min","Canada","Canada",2021,"domestic","3_apology",FALSE,"Justin Trudeau formally apologizes for the internment of Italian Canadians during World War II, acknowledging that hundreds of people were denied due legal process."
2021-05-28,"Germany_gov","Namibia_gov","Germany","Namibia",2021,"international","1_acknowledge",FALSE,"Germany recognizes that it committed genocide in Namibia during its colonial rule."
2021-06-24,"Canada_gov","Canada_min","Canada","Canada",2021,"domestic","1_acknowledge",FALSE,"Prime Minister Trudeau issued a statement on the findings around the former Marieval (Cowessess) residential school in Saskatchewan"
2021-08-01,"New Zealand_gov","New Zealand_min","New Zealand","New Zealand",2021,"domestic","3_apology",FALSE,"New Zealand's Prime Minister Jacinda Adern formally apologized for immigration crackdowns (the Dawn Raids) in the 1970s against Pacific Islanders."
2021-08-17,"Bolivia_gov","Bolivia_min","Bolivia","Bolivia",2021,"domestic","3_apology",FALSE,"Bolivian President Luis Arce apologized to victims of 2019 post-electoral violence."
2021-09-08,"Slovakia_gov","holocaust_victims","Slovakia","holocaust_victims",2021,"multilateral","3_apology",FALSE,"SlovakiaÕs government apologized for World War II legislation that stripped the countryÕs Jews of their human and civil rights."
2021-09-20,"France_gov","France_min","France","France",2021,"domestic","3_apology",FALSE,"French President Emmanuel Macron apologized to Algerians who fought alongside French colonial forces in AlgeriaÕs war for independence (Harkis)"
2021-09-28,"Mexico_gov","Mexico_min","Mexico","Mexico",2021,"domestic","3_apology",FALSE,"President Andres Manuel Lopez Obrodador offered an apology to the Yaqui indigenous people for wrongdoings against their ancestors and promised to give them back their lands and guarentee them water rights."
2021-10-29,"Israel_gov","Israel_min","Israel","Israel",2021,"domestic","3_apology",FALSE,"President Isaac Herzog apologized for the 1956 Kafr Qasim massacre."
2021-11-25,"Slovakia_gov","Slovakia_min","Slovakia","Slovakia",2021,"domestic","3_apology",FALSE,"The Slovakian government apologized to the housands of Roma women who have been forcibly sterilized."
2021-11-27,"Netherlands_gov","Netherlands_min","Netherlands","Netherlands",2021,"domestic","3_apology",FALSE,"Dutch minister Van Engelshoven apologized on behalf of the Dutch government to the transgender community for forced sterilization of transgenders who wished to receive sex-change surgery."
2021-12-13,"Canada_gov","Canada_min","Canada","Canada",2021,"domestic","3_apology",FALSE,"Canada's defence minister apologized to victims of sexual assault, misconduct and discrimination in the military"
2022-02-17,"Netherlands_gov","Indonesia_gov","Netherlands","Indonesia",2022,"international","3_apology",FALSE,"Prime Minister Mark Rutte offered apologies for systematic and excessive violence in Indonesia's 1945-49 war of independence."
2022-03-10,"Denmark_gov","Denmark_min","Denmark","Greenland",2022,"domestic","3_apology",FALSE,"Prime Minister Mette Frederiksen apologized in person to six surviving Greenlandic Inuit who were taken from their families as children."
2022-03-23,"United Kingdom_gov","Jamaica_gov","United Kingdom","Jamaica",2022,"international","2_regret",FALSE,"Prince William expressed his 'profound sorrow' for slavery in a speech during a visit to Jamaica."
2022-06-08,"Belgium_gov","Democratic Republic of the Congo_gov","Belgium","Democratic Republic of the Congo",2022,"international","2_regret",FALSE,"Belgian King Filip expresses regret over Belgium's brutal colonial rule in a speech before the Congolese parliament."
2022-07-11,"Netherlands_gov","Bosnia and Herzegovina_gov","Netherlands","Bosnia and Herzegovina",2022,"international","3_apology",FALSE,"Dutch Minister of Defence Kasja Ollongren offered 'deepest apologies' for the Dutch failure to protect the victims of the Srebrenica Genocide."
