"date","actor1","actor2","alliance"
1816-01-01,"UKG","POR",1
1816-01-01,"GMY","AUH",1
1850-01-01,"GMY","AUH",1
1816-01-01,"UKG","GMY",1
1816-01-01,"UKG","AUH",1
1816-01-01,"UKG","RUS",1
1816-01-01,"GMY","RUS",1
1816-01-01,"AUH","RUS",1
1816-01-01,"NTH","SPN",1
1831-01-01,"AUH","ITA",1
1832-01-01,"UKG","FRN",1
1833-01-01,"GMY","AUH",1
1833-01-01,"GMY","RUS",1
1833-01-01,"AUH","RUS",1
1833-01-01,"RUS","TUR",1
1834-01-01,"UKG","FRN",1
1834-01-01,"UKG","SPN",1
1834-01-01,"UKG","POR",1
1834-01-01,"SPN","POR",1
1840-01-01,"UKG","GMY",1
1840-01-01,"UKG","AUH",1
1840-01-01,"UKG","RUS",1
1840-01-01,"UKG","TUR",1
1840-01-01,"GMY","AUH",1
1840-01-01,"GMY","RUS",1
1840-01-01,"GMY","TUR",1
1840-01-01,"AUH","RUS",1
1840-01-01,"AUH","TUR",1
1840-01-01,"RUS","TUR",1
1847-01-01,"UKG","FRN",1
1847-01-01,"UKG","SPN",1
1847-01-01,"UKG","POR",1
1847-01-01,"FRN","SPN",1
1847-01-01,"FRN","POR",1
1847-01-01,"SPN","POR",1
1851-01-01,"GMY","AUH",1
1854-01-01,"UKG","FRN",1
1855-01-01,"UKG","ITA",1
1854-01-01,"UKG","TUR",1
1855-01-01,"FRN","ITA",1
1854-01-01,"FRN","TUR",1
1855-01-01,"ITA","TUR",1
1854-01-01,"GMY","AUH",1
1854-01-01,"AUH","TUR",1
1854-01-01,"UKG","AUH",1
1854-01-01,"FRN","AUH",1
1855-01-01,"UKG","FRN",1
1856-01-01,"UKG","FRN",1
1856-01-01,"UKG","AUH",1
1856-01-01,"FRN","AUH",1
1859-01-01,"BRA","ARG",1
1859-01-01,"FRN","ITA",1
1860-01-01,"ECU","PER",1
1863-01-01,"GMY","RUS",1
1863-01-01,"PER","BOL",1
1864-01-01,"COL","ECU",1
1864-01-01,"GMY","AUH",1
1865-01-01,"BRA","ARG",1
1866-01-01,"ECU","PER",1
1866-01-01,"ECU","BOL",1
1866-01-01,"ECU","CHL",1
1866-01-01,"PER","BOL",1
1865-01-01,"PER","CHL",1
1866-01-01,"BOL","CHL",1
1866-01-01,"GMY","ITA",1
1873-01-01,"PER","BOL",1
1873-01-01,"GMY","RUS",1
1878-01-01,"UKG","TUR",1
1879-01-01,"GMY","AUH",1
1882-01-01,"GMY","AUH",1
1882-01-01,"GMY","ITA",1
1882-01-01,"AUH","ITA",1
1883-01-01,"GMY","AUH",1
1888-01-01,"GMY","ITA",1
1883-01-01,"GMY","ROM",1
1888-01-01,"AUH","ITA",1
1883-01-01,"AUH","ROM",1
1893-01-01,"FRN","RUS",1
1896-01-01,"RUS","CHN",1
1902-01-01,"UKG","JPN",1
1908-01-01,"YUG","BUL",1
1905-01-01,"GMY","RUS",1
1912-01-01,"YUG","BUL",1
1912-01-01,"GRC","BUL",1
1913-01-01,"YUG","GRC",1
1914-01-01,"GMY","TUR",1
1914-01-01,"BUL","TUR",1
1914-01-01,"AUH","BUL",1
1914-01-01,"GMY","BUL",1
1915-01-01,"UKG","FRN",1
1915-01-01,"UKG","ITA",1
1915-01-01,"UKG","RUS",1
1915-01-01,"FRN","ITA",1
1915-01-01,"FRN","RUS",1
1915-01-01,"ITA","RUS",1
1915-01-01,"GMY","AUH",1
1915-01-01,"GMY","BUL",1
1915-01-01,"AUH","BUL",1
1916-01-01,"RUS","JPN",1
1916-01-01,"UKG","FRN",1
1916-01-01,"UKG","ITA",1
1916-01-01,"UKG","ROM",1
1916-01-01,"UKG","RUS",1
1916-01-01,"FRN","ITA",1
1916-01-01,"FRN","ROM",1
1916-01-01,"FRN","RUS",1
1916-01-01,"ITA","ROM",1
1916-01-01,"ITA","RUS",1
1920-01-01,"CZE","YUG",1
1920-01-01,"BEL","FRN",1
1921-01-01,"FRN","POL",1
1921-01-01,"RUS","IRN",1
1921-01-01,"TUR","AFG",1
1921-01-01,"POL","ROM",1
1921-01-01,"CZE","ROM",1
1921-01-01,"YUG","ROM",1
1925-01-01,"UKG","BEL",1
1925-01-01,"UKG","FRN",1
1925-01-01,"UKG","GMY",1
1925-01-01,"UKG","ITA",1
1925-01-01,"BEL","FRN",1
1925-01-01,"BEL","GMY",1
1925-01-01,"BEL","ITA",1
1925-01-01,"FRN","GMY",1
1925-01-01,"FRN","ITA",1
1925-01-01,"GMY","ITA",1
1925-01-01,"FRN","POL",1
1925-01-01,"FRN","CZE",1
1927-01-01,"ITA","ALB",1
1932-01-01,"UKG","IRQ",1
1934-01-01,"YUG","GRC",1
1934-01-01,"YUG","ROM",1
1934-01-01,"YUG","TUR",1
1934-01-01,"GRC","ROM",1
1934-01-01,"GRC","TUR",1
1934-01-01,"ROM","TUR",1
1935-01-01,"FRN","RUS",1
1935-01-01,"CZE","RUS",1
1945-01-01,"CZE","RUS",1
1937-01-01,"UKG","EGY",1
1937-01-01,"UKG","FRN",1
1937-01-01,"UKG","YUG",1
1937-01-01,"UKG","GRC",1
1937-01-01,"UKG","BUL",1
1937-01-01,"UKG","ROM",1
1937-01-01,"UKG","RUS",1
1937-01-01,"UKG","TUR",1
1937-01-01,"FRN","YUG",1
1937-01-01,"FRN","GRC",1
1937-01-01,"FRN","BUL",1
1937-01-01,"FRN","ROM",1
1937-01-01,"FRN","RUS",1
1937-01-01,"FRN","TUR",1
1937-01-01,"FRN","EGY",1
1937-01-01,"YUG","GRC",1
1937-01-01,"YUG","BUL",1
1937-01-01,"YUG","ROM",1
1937-01-01,"YUG","RUS",1
1937-01-01,"YUG","TUR",1
1937-01-01,"YUG","EGY",1
1937-01-01,"GRC","BUL",1
1937-01-01,"GRC","ROM",1
1937-01-01,"GRC","RUS",1
1937-01-01,"GRC","TUR",1
1937-01-01,"GRC","EGY",1
1937-01-01,"BUL","ROM",1
1937-01-01,"BUL","RUS",1
1937-01-01,"BUL","TUR",1
1937-01-01,"BUL","EGY",1
1937-01-01,"ROM","RUS",1
1937-01-01,"ROM","TUR",1
1937-01-01,"ROM","EGY",1
1937-01-01,"RUS","TUR",1
1937-01-01,"RUS","EGY",1
1937-01-01,"TUR","EGY",1
1939-01-01,"UKG","POL",1
1939-01-01,"GMY","ITA",1
1939-01-01,"FRN","TUR",1
1939-01-01,"RUS","EST",1
1939-01-01,"RUS","LIT",1
1939-01-01,"UKG","FRN",1
1939-01-01,"UKG","TUR",1
1940-01-01,"GMY","HUN",1
1940-01-01,"GMY","ITA",1
1941-01-01,"GMY","BUL",1
1940-01-01,"GMY","ROM",1
1940-01-01,"GMY","JPN",1
1940-01-01,"HUN","ITA",1
1941-01-01,"HUN","BUL",1
1940-01-01,"HUN","ROM",1
1940-01-01,"HUN","JPN",1
1941-01-01,"ITA","BUL",1
1940-01-01,"ITA","ROM",1
1940-01-01,"ITA","JPN",1
1941-01-01,"BUL","ROM",1
1941-01-01,"BUL","JPN",1
1940-01-01,"ROM","JPN",1
1941-01-01,"UKG","RUS",1
1941-01-01,"JPN","THI",1
1942-01-01,"UKG","RUS",1
1942-01-01,"UKG","IRN",1
1942-01-01,"RUS","IRN",1
1944-01-01,"AUL","NEW",1
1944-01-01,"FRN","RUS",1
1945-01-01,"USA","CUB",1
1945-01-01,"USA","HAI",1
1945-01-01,"USA","DOM",1
1945-01-01,"USA","MEX",1
1945-01-01,"USA","GUA",1
1945-01-01,"USA","HON",1
1945-01-01,"USA","NIC",1
1945-01-01,"USA","COS",1
1945-01-01,"USA","PAN",1
1945-01-01,"USA","COL",1
1945-01-01,"USA","VEN",1
1945-01-01,"USA","ECU",1
1945-01-01,"USA","PER",1
1945-01-01,"USA","BRA",1
1945-01-01,"USA","BOL",1
1945-01-01,"USA","PAR",1
1945-01-01,"USA","CHL",1
1945-01-01,"USA","ARG",1
1945-01-01,"CUB","HAI",1
1945-01-01,"CUB","DOM",1
1945-01-01,"CUB","MEX",1
1945-01-01,"CUB","GUA",1
1945-01-01,"CUB","HON",1
1945-01-01,"CUB","NIC",1
1945-01-01,"CUB","COS",1
1945-01-01,"CUB","PAN",1
1945-01-01,"CUB","COL",1
1945-01-01,"CUB","VEN",1
1945-01-01,"CUB","ECU",1
1945-01-01,"CUB","PER",1
1945-01-01,"CUB","BRA",1
1945-01-01,"CUB","BOL",1
1945-01-01,"CUB","PAR",1
1945-01-01,"CUB","CHL",1
1945-01-01,"CUB","ARG",1
1945-01-01,"HAI","DOM",1
1945-01-01,"HAI","MEX",1
1945-01-01,"HAI","GUA",1
1945-01-01,"HAI","HON",1
1945-01-01,"HAI","NIC",1
1945-01-01,"HAI","COS",1
1945-01-01,"HAI","PAN",1
1945-01-01,"HAI","COL",1
1945-01-01,"HAI","VEN",1
1945-01-01,"HAI","ECU",1
1945-01-01,"HAI","PER",1
1945-01-01,"HAI","BRA",1
1945-01-01,"HAI","BOL",1
1945-01-01,"HAI","PAR",1
1945-01-01,"HAI","CHL",1
1945-01-01,"HAI","ARG",1
1945-01-01,"DOM","MEX",1
1945-01-01,"DOM","GUA",1
1945-01-01,"DOM","HON",1
1945-01-01,"DOM","NIC",1
1945-01-01,"DOM","COS",1
1945-01-01,"DOM","PAN",1
1945-01-01,"DOM","COL",1
1945-01-01,"DOM","VEN",1
1945-01-01,"DOM","ECU",1
1945-01-01,"DOM","PER",1
1945-01-01,"DOM","BRA",1
1945-01-01,"DOM","BOL",1
1945-01-01,"DOM","PAR",1
1945-01-01,"DOM","CHL",1
1945-01-01,"DOM","ARG",1
1945-01-01,"MEX","GUA",1
1945-01-01,"MEX","HON",1
1945-01-01,"MEX","NIC",1
1945-01-01,"MEX","COS",1
1945-01-01,"MEX","PAN",1
1945-01-01,"MEX","COL",1
1945-01-01,"MEX","VEN",1
1945-01-01,"MEX","ECU",1
1945-01-01,"MEX","PER",1
1945-01-01,"MEX","BRA",1
1945-01-01,"MEX","BOL",1
1945-01-01,"MEX","PAR",1
1945-01-01,"MEX","CHL",1
1945-01-01,"MEX","ARG",1
1945-01-01,"GUA","HON",1
1945-01-01,"GUA","NIC",1
1945-01-01,"GUA","COS",1
1945-01-01,"GUA","PAN",1
1945-01-01,"GUA","COL",1
1945-01-01,"GUA","VEN",1
1945-01-01,"GUA","ECU",1
1945-01-01,"GUA","PER",1
1945-01-01,"GUA","BRA",1
1945-01-01,"GUA","BOL",1
1945-01-01,"GUA","PAR",1
1945-01-01,"GUA","CHL",1
1945-01-01,"GUA","ARG",1
1945-01-01,"HON","NIC",1
1945-01-01,"HON","COS",1
1945-01-01,"HON","PAN",1
1945-01-01,"HON","COL",1
1945-01-01,"HON","VEN",1
1945-01-01,"HON","ECU",1
1945-01-01,"HON","PER",1
1945-01-01,"HON","BRA",1
1945-01-01,"HON","BOL",1
1945-01-01,"HON","PAR",1
1945-01-01,"HON","CHL",1
1945-01-01,"HON","ARG",1
1945-01-01,"NIC","COS",1
1945-01-01,"NIC","PAN",1
1945-01-01,"NIC","COL",1
1945-01-01,"NIC","VEN",1
1945-01-01,"NIC","ECU",1
1945-01-01,"NIC","PER",1
1945-01-01,"NIC","BRA",1
1945-01-01,"NIC","BOL",1
1945-01-01,"NIC","PAR",1
1945-01-01,"NIC","CHL",1
1945-01-01,"NIC","ARG",1
1945-01-01,"COS","PAN",1
1945-01-01,"COS","COL",1
1945-01-01,"COS","VEN",1
1945-01-01,"COS","ECU",1
1945-01-01,"COS","PER",1
1945-01-01,"COS","BRA",1
1945-01-01,"COS","BOL",1
1945-01-01,"COS","PAR",1
1945-01-01,"COS","CHL",1
1945-01-01,"COS","ARG",1
1945-01-01,"PAN","COL",1
1945-01-01,"PAN","VEN",1
1945-01-01,"PAN","ECU",1
1945-01-01,"PAN","PER",1
1945-01-01,"PAN","BRA",1
1945-01-01,"PAN","BOL",1
1945-01-01,"PAN","PAR",1
1945-01-01,"PAN","CHL",1
1945-01-01,"PAN","ARG",1
1945-01-01,"COL","VEN",1
1945-01-01,"COL","ECU",1
1945-01-01,"COL","PER",1
1945-01-01,"COL","BRA",1
1945-01-01,"COL","BOL",1
1945-01-01,"COL","PAR",1
1945-01-01,"COL","CHL",1
1945-01-01,"COL","ARG",1
1945-01-01,"VEN","ECU",1
1945-01-01,"VEN","PER",1
1945-01-01,"VEN","BRA",1
1945-01-01,"VEN","BOL",1
1945-01-01,"VEN","PAR",1
1945-01-01,"VEN","CHL",1
1945-01-01,"VEN","ARG",1
1945-01-01,"ECU","PER",1
1945-01-01,"ECU","BRA",1
1945-01-01,"ECU","BOL",1
1945-01-01,"ECU","PAR",1
1945-01-01,"ECU","CHL",1
1945-01-01,"ECU","ARG",1
1945-01-01,"PER","BRA",1
1945-01-01,"PER","BOL",1
1945-01-01,"PER","PAR",1
1945-01-01,"PER","CHL",1
1945-01-01,"PER","ARG",1
1945-01-01,"BRA","BOL",1
1945-01-01,"BRA","PAR",1
1945-01-01,"BRA","CHL",1
1945-01-01,"BRA","ARG",1
1945-01-01,"BOL","PAR",1
1945-01-01,"BOL","CHL",1
1945-01-01,"BOL","ARG",1
1945-01-01,"PAR","CHL",1
1945-01-01,"PAR","ARG",1
1945-01-01,"CHL","ARG",1
1945-01-01,"YUG","RUS",1
1945-01-01,"POL","RUS",1
1945-01-01,"RUS","CHN",1
1946-01-01,"POL","YUG",1
1946-01-01,"UKG","JOR",1
1946-01-01,"CZE","YUG",1
1946-01-01,"ALB","YUG",1
1947-01-01,"UKG","FRN",1
1947-01-01,"POL","CZE",1
1989-01-01,"USA","CAN",1
1947-01-01,"USA","CUB",1
1947-01-01,"USA","HAI",1
1947-01-01,"USA","DOM",1
1947-01-01,"USA","MEX",1
1947-01-01,"USA","GUA",1
1947-01-01,"USA","HON",1
1947-01-01,"USA","SAL",1
1947-01-01,"USA","NIC",1
1947-01-01,"USA","COS",1
1947-01-01,"USA","PAN",1
1947-01-01,"USA","COL",1
1947-01-01,"USA","VEN",1
1947-01-01,"USA","ECU",1
1947-01-01,"USA","PER",1
1947-01-01,"USA","BRA",1
1947-01-01,"USA","BOL",1
1947-01-01,"USA","PAR",1
1947-01-01,"USA","CHL",1
1947-01-01,"USA","ARG",1
1989-01-01,"CAN","HAI",1
1989-01-01,"CAN","DOM",1
1989-01-01,"CAN","MEX",1
1989-01-01,"CAN","GUA",1
1989-01-01,"CAN","HON",1
1989-01-01,"CAN","SAL",1
1989-01-01,"CAN","NIC",1
1989-01-01,"CAN","COS",1
1989-01-01,"CAN","PAN",1
1989-01-01,"CAN","COL",1
1989-01-01,"CAN","VEN",1
1989-01-01,"CAN","ECU",1
1989-01-01,"CAN","PER",1
1989-01-01,"CAN","BRA",1
1989-01-01,"CAN","BOL",1
1989-01-01,"CAN","PAR",1
1989-01-01,"CAN","CHL",1
1989-01-01,"CAN","ARG",1
1947-01-01,"CUB","HAI",1
1947-01-01,"CUB","DOM",1
1947-01-01,"CUB","MEX",1
1947-01-01,"CUB","GUA",1
1947-01-01,"CUB","HON",1
1947-01-01,"CUB","SAL",1
1947-01-01,"CUB","NIC",1
1947-01-01,"CUB","COS",1
1947-01-01,"CUB","PAN",1
1947-01-01,"CUB","COL",1
1947-01-01,"CUB","VEN",1
1947-01-01,"CUB","ECU",1
1947-01-01,"CUB","PER",1
1947-01-01,"CUB","BRA",1
1947-01-01,"CUB","BOL",1
1947-01-01,"CUB","PAR",1
1947-01-01,"CUB","CHL",1
1947-01-01,"CUB","ARG",1
1947-01-01,"HAI","DOM",1
1947-01-01,"HAI","MEX",1
1947-01-01,"HAI","GUA",1
1947-01-01,"HAI","HON",1
1947-01-01,"HAI","SAL",1
1947-01-01,"HAI","NIC",1
1947-01-01,"HAI","COS",1
1947-01-01,"HAI","PAN",1
1947-01-01,"HAI","COL",1
1947-01-01,"HAI","VEN",1
1947-01-01,"HAI","ECU",1
1947-01-01,"HAI","PER",1
1947-01-01,"HAI","BRA",1
1947-01-01,"HAI","BOL",1
1947-01-01,"HAI","PAR",1
1947-01-01,"HAI","CHL",1
1947-01-01,"HAI","ARG",1
1947-01-01,"DOM","MEX",1
1947-01-01,"DOM","GUA",1
1947-01-01,"DOM","HON",1
1947-01-01,"DOM","SAL",1
1947-01-01,"DOM","NIC",1
1947-01-01,"DOM","COS",1
1947-01-01,"DOM","PAN",1
1947-01-01,"DOM","COL",1
1947-01-01,"DOM","VEN",1
1947-01-01,"DOM","ECU",1
1947-01-01,"DOM","PER",1
1947-01-01,"DOM","BRA",1
1947-01-01,"DOM","BOL",1
1947-01-01,"DOM","PAR",1
1947-01-01,"DOM","CHL",1
1947-01-01,"DOM","ARG",1
1947-01-01,"MEX","GUA",1
1947-01-01,"MEX","HON",1
1947-01-01,"MEX","SAL",1
1947-01-01,"MEX","NIC",1
1947-01-01,"MEX","COS",1
1947-01-01,"MEX","PAN",1
1947-01-01,"MEX","COL",1
1947-01-01,"MEX","VEN",1
1947-01-01,"MEX","ECU",1
1947-01-01,"MEX","PER",1
1947-01-01,"MEX","BRA",1
1947-01-01,"MEX","BOL",1
1947-01-01,"MEX","PAR",1
1947-01-01,"MEX","CHL",1
1947-01-01,"MEX","ARG",1
1947-01-01,"GUA","HON",1
1947-01-01,"GUA","SAL",1
1947-01-01,"GUA","NIC",1
1947-01-01,"GUA","COS",1
1947-01-01,"GUA","PAN",1
1947-01-01,"GUA","COL",1
1947-01-01,"GUA","VEN",1
1947-01-01,"GUA","ECU",1
1947-01-01,"GUA","PER",1
1947-01-01,"GUA","BRA",1
1947-01-01,"GUA","BOL",1
1947-01-01,"GUA","PAR",1
1947-01-01,"GUA","CHL",1
1947-01-01,"GUA","ARG",1
1947-01-01,"HON","SAL",1
1947-01-01,"HON","NIC",1
1947-01-01,"HON","COS",1
1947-01-01,"HON","PAN",1
1947-01-01,"HON","COL",1
1947-01-01,"HON","VEN",1
1947-01-01,"HON","ECU",1
1947-01-01,"HON","PER",1
1947-01-01,"HON","BRA",1
1947-01-01,"HON","BOL",1
1947-01-01,"HON","PAR",1
1947-01-01,"HON","CHL",1
1947-01-01,"HON","ARG",1
1947-01-01,"SAL","NIC",1
1947-01-01,"SAL","COS",1
1947-01-01,"SAL","PAN",1
1947-01-01,"SAL","COL",1
1947-01-01,"SAL","VEN",1
1947-01-01,"SAL","ECU",1
1947-01-01,"SAL","PER",1
1947-01-01,"SAL","BRA",1
1947-01-01,"SAL","BOL",1
1947-01-01,"SAL","PAR",1
1947-01-01,"SAL","CHL",1
1947-01-01,"SAL","ARG",1
1947-01-01,"NIC","COS",1
1947-01-01,"NIC","PAN",1
1947-01-01,"NIC","COL",1
1947-01-01,"NIC","VEN",1
1947-01-01,"NIC","ECU",1
1947-01-01,"NIC","PER",1
1947-01-01,"NIC","BRA",1
1947-01-01,"NIC","BOL",1
1947-01-01,"NIC","PAR",1
1947-01-01,"NIC","CHL",1
1947-01-01,"NIC","ARG",1
1947-01-01,"COS","PAN",1
1947-01-01,"COS","COL",1
1947-01-01,"COS","VEN",1
1947-01-01,"COS","ECU",1
1947-01-01,"COS","PER",1
1947-01-01,"COS","BRA",1
1947-01-01,"COS","BOL",1
1947-01-01,"COS","PAR",1
1947-01-01,"COS","CHL",1
1947-01-01,"COS","ARG",1
1947-01-01,"PAN","COL",1
1947-01-01,"PAN","VEN",1
1947-01-01,"PAN","ECU",1
1947-01-01,"PAN","PER",1
1947-01-01,"PAN","BRA",1
1947-01-01,"PAN","BOL",1
1947-01-01,"PAN","PAR",1
1947-01-01,"PAN","CHL",1
1947-01-01,"PAN","ARG",1
1947-01-01,"COL","VEN",1
1947-01-01,"COL","ECU",1
1947-01-01,"COL","PER",1
1947-01-01,"COL","BRA",1
1947-01-01,"COL","BOL",1
1947-01-01,"COL","PAR",1
1947-01-01,"COL","CHL",1
1947-01-01,"COL","ARG",1
1947-01-01,"VEN","ECU",1
1947-01-01,"VEN","PER",1
1947-01-01,"VEN","BRA",1
1947-01-01,"VEN","BOL",1
1947-01-01,"VEN","PAR",1
1947-01-01,"VEN","CHL",1
1947-01-01,"VEN","ARG",1
1947-01-01,"ECU","PER",1
1947-01-01,"ECU","BRA",1
1947-01-01,"ECU","BOL",1
1947-01-01,"ECU","PAR",1
1947-01-01,"ECU","CHL",1
1947-01-01,"ECU","ARG",1
1947-01-01,"PER","BRA",1
1947-01-01,"PER","BOL",1
1947-01-01,"PER","PAR",1
1947-01-01,"PER","CHL",1
1947-01-01,"PER","ARG",1
1947-01-01,"BRA","BOL",1
1947-01-01,"BRA","PAR",1
1947-01-01,"BRA","CHL",1
1947-01-01,"BRA","ARG",1
1947-01-01,"BOL","PAR",1
1947-01-01,"BOL","CHL",1
1947-01-01,"BOL","ARG",1
1947-01-01,"PAR","CHL",1
1947-01-01,"PAR","ARG",1
1947-01-01,"CHL","ARG",1
1947-01-01,"HUN","YUG",1
1947-01-01,"ALB","BUL",1
1947-01-01,"YUG","ROM",1
1970-01-01,"BUL","ROM",1
1948-01-01,"HUN","ROM",1
1948-01-01,"ROM","RUS",1
1948-01-01,"HUN","RUS",1
1948-01-01,"UKG","NTH",1
1948-01-01,"UKG","BEL",1
1948-01-01,"UKG","LUX",1
1948-01-01,"UKG","FRN",1
1988-01-01,"UKG","SPN",1
1988-01-01,"UKG","POR",1
1955-01-01,"UKG","GFR",1
1954-01-01,"UKG","ITA",1
1992-01-01,"UKG","GRC",1
1948-01-01,"NTH","BEL",1
1948-01-01,"NTH","LUX",1
1948-01-01,"NTH","FRN",1
1988-01-01,"NTH","SPN",1
1988-01-01,"NTH","POR",1
1955-01-01,"NTH","GFR",1
1954-01-01,"NTH","ITA",1
1992-01-01,"NTH","GRC",1
1948-01-01,"BEL","LUX",1
1948-01-01,"BEL","FRN",1
1988-01-01,"BEL","SPN",1
1988-01-01,"BEL","POR",1
1955-01-01,"BEL","GFR",1
1954-01-01,"BEL","ITA",1
1992-01-01,"BEL","GRC",1
1948-01-01,"LUX","FRN",1
1988-01-01,"LUX","SPN",1
1988-01-01,"LUX","POR",1
1955-01-01,"LUX","GFR",1
1954-01-01,"LUX","ITA",1
1992-01-01,"LUX","GRC",1
1988-01-01,"FRN","SPN",1
1988-01-01,"FRN","POR",1
1955-01-01,"FRN","GFR",1
1954-01-01,"FRN","ITA",1
1992-01-01,"FRN","GRC",1
1988-01-01,"SPN","POR",1
1988-01-01,"SPN","GFR",1
1988-01-01,"SPN","ITA",1
1992-01-01,"SPN","GRC",1
1988-01-01,"POR","GFR",1
1988-01-01,"POR","ITA",1
1992-01-01,"POR","GRC",1
1955-01-01,"GFR","ITA",1
1992-01-01,"GFR","GRC",1
1992-01-01,"ITA","GRC",1
1948-01-01,"BUL","RUS",1
1948-01-01,"RUS","FIN",1
1968-01-01,"CZE","BUL",1
1948-01-01,"POL","BUL",1
1948-01-01,"POL","HUN",1
1948-01-01,"HUN","BUL",1
1948-01-01,"CZE","ROM",1
1949-01-01,"POL","ROM",1
1949-01-01,"USA","CAN",1
1949-01-01,"USA","UKG",1
1949-01-01,"USA","NTH",1
1949-01-01,"USA","BEL",1
1949-01-01,"USA","LUX",1
1949-01-01,"USA","FRN",1
1981-01-01,"USA","SPN",1
1949-01-01,"USA","POR",1
1990-01-01,"USA","GMY",1
1954-01-01,"USA","GFR",1
1999-01-01,"USA","POL",1
1999-01-01,"USA","HUN",1
1949-01-01,"USA","ITA",1
1951-01-01,"USA","GRC",1
1949-01-01,"USA","NOR",1
1949-01-01,"USA","DEN",1
1951-01-01,"USA","TUR",1
1949-01-01,"CAN","UKG",1
1949-01-01,"CAN","NTH",1
1949-01-01,"CAN","BEL",1
1949-01-01,"CAN","LUX",1
1949-01-01,"CAN","FRN",1
1981-01-01,"CAN","SPN",1
1949-01-01,"CAN","POR",1
1990-01-01,"CAN","GMY",1
1954-01-01,"CAN","GFR",1
1999-01-01,"CAN","POL",1
1999-01-01,"CAN","HUN",1
1949-01-01,"CAN","ITA",1
1951-01-01,"CAN","GRC",1
1949-01-01,"CAN","NOR",1
1949-01-01,"CAN","DEN",1
1951-01-01,"CAN","TUR",1
1949-01-01,"UKG","NTH",1
1949-01-01,"UKG","BEL",1
1949-01-01,"UKG","LUX",1
1949-01-01,"UKG","FRN",1
1981-01-01,"UKG","SPN",1
1949-01-01,"UKG","POR",1
1990-01-01,"UKG","GMY",1
1954-01-01,"UKG","GFR",1
1999-01-01,"UKG","POL",1
1999-01-01,"UKG","HUN",1
1949-01-01,"UKG","ITA",1
1951-01-01,"UKG","GRC",1
1949-01-01,"UKG","NOR",1
1949-01-01,"UKG","DEN",1
1951-01-01,"UKG","TUR",1
1949-01-01,"NTH","BEL",1
1949-01-01,"NTH","LUX",1
1949-01-01,"NTH","FRN",1
1981-01-01,"NTH","SPN",1
1949-01-01,"NTH","POR",1
1990-01-01,"NTH","GMY",1
1954-01-01,"NTH","GFR",1
1999-01-01,"NTH","POL",1
1999-01-01,"NTH","HUN",1
1949-01-01,"NTH","ITA",1
1951-01-01,"NTH","GRC",1
1949-01-01,"NTH","NOR",1
1949-01-01,"NTH","DEN",1
1951-01-01,"NTH","TUR",1
1949-01-01,"BEL","LUX",1
1949-01-01,"BEL","FRN",1
1981-01-01,"BEL","SPN",1
1949-01-01,"BEL","POR",1
1990-01-01,"BEL","GMY",1
1954-01-01,"BEL","GFR",1
1999-01-01,"BEL","POL",1
1999-01-01,"BEL","HUN",1
1949-01-01,"BEL","ITA",1
1951-01-01,"BEL","GRC",1
1949-01-01,"BEL","NOR",1
1949-01-01,"BEL","DEN",1
1951-01-01,"BEL","TUR",1
1949-01-01,"LUX","FRN",1
1981-01-01,"LUX","SPN",1
1949-01-01,"LUX","POR",1
1990-01-01,"LUX","GMY",1
1954-01-01,"LUX","GFR",1
1999-01-01,"LUX","POL",1
1999-01-01,"LUX","HUN",1
1949-01-01,"LUX","ITA",1
1951-01-01,"LUX","GRC",1
1949-01-01,"LUX","NOR",1
1949-01-01,"LUX","DEN",1
1951-01-01,"LUX","TUR",1
1981-01-01,"FRN","SPN",1
1949-01-01,"FRN","POR",1
1990-01-01,"FRN","GMY",1
1954-01-01,"FRN","GFR",1
1999-01-01,"FRN","POL",1
1999-01-01,"FRN","HUN",1
1949-01-01,"FRN","ITA",1
1951-01-01,"FRN","GRC",1
1949-01-01,"FRN","NOR",1
1949-01-01,"FRN","DEN",1
1951-01-01,"FRN","TUR",1
1981-01-01,"SPN","POR",1
1990-01-01,"SPN","GMY",1
1981-01-01,"SPN","GFR",1
1999-01-01,"SPN","POL",1
1999-01-01,"SPN","HUN",1
1981-01-01,"SPN","ITA",1
1981-01-01,"SPN","GRC",1
1981-01-01,"SPN","NOR",1
1981-01-01,"SPN","DEN",1
1981-01-01,"SPN","TUR",1
1990-01-01,"POR","GMY",1
1954-01-01,"POR","GFR",1
1999-01-01,"POR","POL",1
1999-01-01,"POR","HUN",1
1949-01-01,"POR","ITA",1
1951-01-01,"POR","GRC",1
1949-01-01,"POR","NOR",1
1949-01-01,"POR","DEN",1
1951-01-01,"POR","TUR",1
1990-01-01,"GMY","GFR",1
1999-01-01,"GMY","POL",1
1999-01-01,"GMY","HUN",1
1990-01-01,"GMY","ITA",1
1990-01-01,"GMY","GRC",1
1990-01-01,"GMY","NOR",1
1990-01-01,"GMY","DEN",1
1990-01-01,"GMY","TUR",1
1954-01-01,"GFR","ITA",1
1954-01-01,"GFR","GRC",1
1954-01-01,"GFR","NOR",1
1954-01-01,"GFR","DEN",1
1954-01-01,"GFR","TUR",1
1999-01-01,"POL","HUN",1
1999-01-01,"POL","ITA",1
1999-01-01,"POL","GRC",1
1999-01-01,"POL","NOR",1
1999-01-01,"POL","DEN",1
1999-01-01,"POL","TUR",1
1999-01-01,"HUN","ITA",1
1999-01-01,"HUN","GRC",1
1999-01-01,"HUN","NOR",1
1999-01-01,"HUN","DEN",1
1999-01-01,"HUN","TUR",1
1951-01-01,"ITA","GRC",1
1949-01-01,"ITA","NOR",1
1949-01-01,"ITA","DEN",1
1951-01-01,"ITA","TUR",1
1951-01-01,"GRC","NOR",1
1951-01-01,"GRC","DEN",1
1951-01-01,"GRC","TUR",1
1949-01-01,"NOR","DEN",1
1951-01-01,"NOR","TUR",1
1951-01-01,"DEN","TUR",1
1949-01-01,"HUN","CZE",1
1950-01-01,"RUS","CHN",1
1974-01-01,"SOM","MOR",1
1974-01-01,"SOM","ALG",1
1974-01-01,"SOM","TUN",1
1974-01-01,"SOM","LIB",1
1974-01-01,"SOM","SUD",1
1974-01-01,"SOM","IRQ",1
1974-01-01,"SOM","EGY",1
1989-01-01,"SOM","EGY",1
1974-01-01,"SOM","SYR",1
1974-01-01,"SOM","LEB",1
1974-01-01,"SOM","JOR",1
1974-01-01,"SOM","SAU",1
1974-01-01,"SOM","YAR",1
1974-01-01,"SOM","YPR",1
1974-01-01,"SOM","KUW",1
1974-01-01,"SOM","QAT",1
1974-01-01,"SOM","UAE",1
1964-01-01,"MOR","ALG",1
1961-01-01,"MOR","TUN",1
1964-01-01,"MOR","LIB",1
1964-01-01,"MOR","SUD",1
1961-01-01,"MOR","IRQ",1
1961-01-01,"MOR","EGY",1
1989-01-01,"MOR","EGY",1
1961-01-01,"MOR","SYR",1
1961-01-01,"MOR","LEB",1
1961-01-01,"MOR","JOR",1
1961-01-01,"MOR","SAU",1
1961-01-01,"MOR","YAR",1
1971-01-01,"MOR","YPR",1
1961-01-01,"MOR","KUW",1
1971-01-01,"MOR","QAT",1
1961-01-01,"MOR","UAE",1
1964-01-01,"ALG","TUN",1
1964-01-01,"ALG","LIB",1
1964-01-01,"ALG","SUD",1
1964-01-01,"ALG","IRQ",1
1964-01-01,"ALG","EGY",1
1989-01-01,"ALG","EGY",1
1964-01-01,"ALG","SYR",1
1964-01-01,"ALG","LEB",1
1964-01-01,"ALG","JOR",1
1964-01-01,"ALG","SAU",1
1964-01-01,"ALG","YAR",1
1971-01-01,"ALG","YPR",1
1964-01-01,"ALG","KUW",1
1971-01-01,"ALG","QAT",1
1964-01-01,"ALG","UAE",1
1964-01-01,"TUN","LIB",1
1964-01-01,"TUN","SUD",1
1953-01-01,"TUN","IRQ",1
1953-01-01,"TUN","EGY",1
1989-01-01,"TUN","EGY",1
1953-01-01,"TUN","SYR",1
1961-01-01,"TUN","SYR",1
1953-01-01,"TUN","LEB",1
1953-01-01,"TUN","JOR",1
1953-01-01,"TUN","SAU",1
1953-01-01,"TUN","YAR",1
1971-01-01,"TUN","YPR",1
1961-01-01,"TUN","KUW",1
1971-01-01,"TUN","QAT",1
1953-01-01,"TUN","UAE",1
1964-01-01,"LIB","SUD",1
1964-01-01,"LIB","IRQ",1
1964-01-01,"LIB","EGY",1
1989-01-01,"LIB","EGY",1
1964-01-01,"LIB","SYR",1
1964-01-01,"LIB","LEB",1
1964-01-01,"LIB","JOR",1
1964-01-01,"LIB","SAU",1
1964-01-01,"LIB","YAR",1
1971-01-01,"LIB","YPR",1
1964-01-01,"LIB","KUW",1
1971-01-01,"LIB","QAT",1
1964-01-01,"LIB","UAE",1
1964-01-01,"SUD","IRQ",1
1964-01-01,"SUD","EGY",1
1989-01-01,"SUD","EGY",1
1964-01-01,"SUD","SYR",1
1964-01-01,"SUD","LEB",1
1964-01-01,"SUD","JOR",1
1964-01-01,"SUD","SAU",1
1964-01-01,"SUD","YAR",1
1971-01-01,"SUD","YPR",1
1964-01-01,"SUD","KUW",1
1971-01-01,"SUD","QAT",1
1964-01-01,"SUD","UAE",1
1952-01-01,"IRQ","EGY",1
1989-01-01,"IRQ","EGY",1
1952-01-01,"IRQ","SYR",1
1961-01-01,"IRQ","SYR",1
1952-01-01,"IRQ","LEB",1
1952-01-01,"IRQ","JOR",1
1952-01-01,"IRQ","SAU",1
1952-01-01,"IRQ","YAR",1
1971-01-01,"IRQ","YPR",1
1961-01-01,"IRQ","KUW",1
1971-01-01,"IRQ","QAT",1
1953-01-01,"IRQ","UAE",1
1950-01-01,"EGY","SYR",1
1961-01-01,"EGY","SYR",1
1989-01-01,"EGY","SYR",1
1950-01-01,"EGY","LEB",1
1989-01-01,"EGY","LEB",1
1952-01-01,"EGY","JOR",1
1989-01-01,"EGY","JOR",1
1950-01-01,"EGY","SAU",1
1989-01-01,"EGY","SAU",1
1950-01-01,"EGY","YAR",1
1989-01-01,"EGY","YAR",1
1971-01-01,"EGY","YPR",1
1989-01-01,"EGY","YPR",1
1961-01-01,"EGY","KUW",1
1989-01-01,"EGY","KUW",1
1971-01-01,"EGY","QAT",1
1989-01-01,"EGY","QAT",1
1953-01-01,"EGY","UAE",1
1989-01-01,"EGY","UAE",1
1950-01-01,"SYR","LEB",1
1961-01-01,"SYR","LEB",1
1952-01-01,"SYR","JOR",1
1961-01-01,"SYR","JOR",1
1950-01-01,"SYR","SAU",1
1961-01-01,"SYR","SAU",1
1950-01-01,"SYR","YAR",1
1961-01-01,"SYR","YAR",1
1971-01-01,"SYR","YPR",1
1961-01-01,"SYR","KUW",1
1971-01-01,"SYR","QAT",1
1953-01-01,"SYR","UAE",1
1961-01-01,"SYR","UAE",1
1952-01-01,"LEB","JOR",1
1950-01-01,"LEB","SAU",1
1950-01-01,"LEB","YAR",1
1971-01-01,"LEB","YPR",1
1961-01-01,"LEB","KUW",1
1971-01-01,"LEB","QAT",1
1953-01-01,"LEB","UAE",1
1952-01-01,"JOR","SAU",1
1952-01-01,"JOR","YAR",1
1971-01-01,"JOR","YPR",1
1961-01-01,"JOR","KUW",1
1971-01-01,"JOR","QAT",1
1953-01-01,"JOR","UAE",1
1950-01-01,"SAU","YAR",1
1971-01-01,"SAU","YPR",1
1961-01-01,"SAU","KUW",1
1971-01-01,"SAU","QAT",1
1953-01-01,"SAU","UAE",1
1971-01-01,"YAR","YPR",1
1961-01-01,"YAR","KUW",1
1971-01-01,"YAR","QAT",1
1953-01-01,"YAR","UAE",1
1971-01-01,"YPR","KUW",1
1971-01-01,"YPR","QAT",1
1971-01-01,"YPR","UAE",1
1971-01-01,"KUW","QAT",1
1961-01-01,"KUW","UAE",1
1971-01-01,"QAT","UAE",1
1951-01-01,"USA","PHI",1
1951-01-01,"USA","AUL",1
1951-01-01,"USA","NEW",1
1951-01-01,"AUL","NEW",1
1951-01-01,"USA","JPN",1
1954-01-01,"YUG","GRC",1
1954-01-01,"YUG","TUR",1
1954-01-01,"GRC","TUR",1
1953-01-01,"UKG","LIB",1
1953-01-01,"USA","ROK",1
1954-01-01,"USA","TAW",1
1955-01-01,"UKG","IRQ",1
1955-01-01,"GDR","POL",1
1955-01-01,"GDR","HUN",1
1955-01-01,"GDR","CZE",1
1955-01-01,"GDR","ALB",1
1955-01-01,"GDR","BUL",1
1955-01-01,"GDR","ROM",1
1955-01-01,"GDR","RUS",1
1955-01-01,"POL","HUN",1
1955-01-01,"POL","CZE",1
1955-01-01,"POL","ALB",1
1955-01-01,"POL","BUL",1
1955-01-01,"POL","ROM",1
1955-01-01,"POL","RUS",1
1955-01-01,"HUN","CZE",1
1955-01-01,"HUN","ALB",1
1955-01-01,"HUN","BUL",1
1955-01-01,"HUN","ROM",1
1955-01-01,"HUN","RUS",1
1955-01-01,"CZE","ALB",1
1955-01-01,"CZE","BUL",1
1955-01-01,"CZE","ROM",1
1955-01-01,"CZE","RUS",1
1955-01-01,"ALB","BUL",1
1955-01-01,"ALB","ROM",1
1955-01-01,"ALB","RUS",1
1955-01-01,"BUL","ROM",1
1955-01-01,"BUL","RUS",1
1955-01-01,"ROM","RUS",1
1955-01-01,"EGY","SYR",1
1956-01-01,"EGY","JOR",1
1956-01-01,"SYR","JOR",1
1955-01-01,"EGY","SAU",1
1956-01-01,"EGY","SAU",1
1956-01-01,"EGY","YAR",1
1956-01-01,"SAU","YAR",1
1957-01-01,"TUN","LIB",1
1957-01-01,"UKG","MAL",1
1958-01-01,"USA","CAN",1
1959-01-01,"USA","PAK",1
1959-01-01,"USA","TUR",1
1960-01-01,"FRN","CEN",1
1960-01-01,"FRN","CHA",1
1960-01-01,"FRN","CON",1
1960-01-01,"CEN","CHA",1
1960-01-01,"CEN","CON",1
1960-01-01,"CHA","CON",1
1960-01-01,"GRC","TUR",1
1961-01-01,"GUI","GHA",1
1961-01-01,"RUS","PRK",1
1961-01-01,"CHN","PRK",1
1961-01-01,"SEN","CEN",1
1961-01-01,"SEN","CHA",1
1961-01-01,"SEN","CON",1
1963-01-01,"SEN","RWA",1
1961-01-01,"CEN","CHA",1
1961-01-01,"CEN","CON",1
1963-01-01,"CEN","RWA",1
1961-01-01,"CHA","CON",1
1963-01-01,"CHA","RWA",1
1963-01-01,"CON","RWA",1
1962-01-01,"EGY","YAR",1
1963-01-01,"KEN","ETH",1
1963-01-01,"GUA","HON",1
1963-01-01,"GUA","SAL",1
1963-01-01,"GUA","NIC",1
1963-01-01,"GUA","COS",1
1963-01-01,"GUA","PAN",1
1963-01-01,"HON","SAL",1
1963-01-01,"HON","NIC",1
1963-01-01,"HON","COS",1
1963-01-01,"HON","PAN",1
1963-01-01,"SAL","NIC",1
1963-01-01,"SAL","COS",1
1963-01-01,"SAL","PAN",1
1963-01-01,"NIC","COS",1
1963-01-01,"NIC","PAN",1
1963-01-01,"COS","PAN",1
1964-01-01,"GDR","RUS",1
1966-01-01,"DRC","RWA",1
1966-01-01,"EGY","SYR",1
1967-01-01,"GDR","POL",1
1967-01-01,"GDR","CZE",1
1967-01-01,"GDR","HUN",1
1967-01-01,"IRQ","EGY",1
1967-01-01,"IRQ","JOR",1
1967-01-01,"EGY","JOR",1
1967-01-01,"GDR","BUL",1
1968-01-01,"CEN","CHA",1
1968-01-01,"CEN","CON",1
1968-01-01,"CHA","CON",1
1972-01-01,"GDR","ROM",1
1972-01-01,"UGA","SUD",1
1975-01-01,"ALG","LIB",1
1976-01-01,"SUD","EGY",1
1980-01-01,"LIB","SYR",1
1981-01-01,"SEN","GUI",1
1981-01-01,"SEN","LBR",1
1981-01-01,"SEN","SIE",1
1981-01-01,"SEN","GHA",1
1981-01-01,"SEN","NIG",1
1981-01-01,"GUI","LBR",1
1981-01-01,"GUI","SIE",1
1981-01-01,"GUI","GHA",1
1981-01-01,"GUI","NIG",1
1981-01-01,"LBR","SIE",1
1981-01-01,"LBR","GHA",1
1981-01-01,"LBR","NIG",1
1981-01-01,"SIE","GHA",1
1981-01-01,"SIE","NIG",1
1981-01-01,"GHA","NIG",1
1981-01-01,"ETH","LIB",1
1981-01-01,"ETH","YPR",1
1981-01-01,"LIB","YPR",1
1989-01-01,"MOR","ALG",1
1989-01-01,"MOR","TUN",1
1989-01-01,"MOR","LIB",1
1989-01-01,"ALG","TUN",1
1989-01-01,"ALG","LIB",1
1989-01-01,"TUN","LIB",1
1995-01-01,"RUS","TAJ",1
1995-01-01,"RUS","KYR",1
1995-01-01,"RUS","UZB",1
1995-01-01,"TAJ","KYR",1
1995-01-01,"TAJ","UZB",1
1995-01-01,"KYR","UZB",1
1992-01-01,"RUS","TAJ",1
1992-01-01,"RUS","KYR",1
1992-01-01,"RUS","UZB",1
1992-01-01,"TAJ","KYR",1
1992-01-01,"TAJ","UZB",1
1992-01-01,"KYR","UZB",1
1993-01-01,"RUS","TAJ",1
1998-01-01,"CEN","CON",1
1999-01-01,"CON","ANG",1
1999-01-01,"CON","ZIM",1
1999-01-01,"ANG","ZIM",1
2000-01-01,"CEN","CHA",1
2000-01-01,"CEN","CON",1
2000-01-01,"CEN","DRC",1
2000-01-01,"CEN","RWA",1
2000-01-01,"CEN","ANG",1
2000-01-01,"CHA","CON",1
2000-01-01,"CHA","DRC",1
2000-01-01,"CHA","RWA",1
2000-01-01,"CHA","ANG",1
2000-01-01,"CON","DRC",1
2000-01-01,"CON","RWA",1
2000-01-01,"CON","ANG",1
2000-01-01,"DRC","RWA",1
2000-01-01,"DRC","ANG",1
2000-01-01,"RWA","ANG",1
2000-01-01,"SAU","KUW",1
2000-01-01,"SAU","QAT",1
2000-01-01,"SAU","UAE",1
2000-01-01,"KUW","QAT",1
2000-01-01,"KUW","UAE",1
2000-01-01,"QAT","UAE",1
2005-01-01,"RUS","UZB",1
2006-01-01,"CEN","CON",1
2006-01-01,"CEN","DRC",1
2006-01-01,"CEN","UGA",1
2006-01-01,"CEN","KEN",1
2006-01-01,"CEN","TAZ",1
2006-01-01,"CEN","RWA",1
2006-01-01,"CEN","ANG",1
2006-01-01,"CEN","ZAM",1
2006-01-01,"CEN","SUD",1
2006-01-01,"CON","DRC",1
2006-01-01,"CON","UGA",1
2006-01-01,"CON","KEN",1
2006-01-01,"CON","TAZ",1
2006-01-01,"CON","RWA",1
2006-01-01,"CON","ANG",1
2006-01-01,"CON","ZAM",1
2006-01-01,"CON","SUD",1
2006-01-01,"DRC","UGA",1
2006-01-01,"DRC","KEN",1
2006-01-01,"DRC","TAZ",1
2006-01-01,"DRC","RWA",1
2006-01-01,"DRC","ANG",1
2006-01-01,"DRC","ZAM",1
2006-01-01,"DRC","SUD",1
2006-01-01,"UGA","KEN",1
2006-01-01,"UGA","TAZ",1
2006-01-01,"UGA","RWA",1
2006-01-01,"UGA","ANG",1
2006-01-01,"UGA","ZAM",1
2006-01-01,"UGA","SUD",1
2006-01-01,"KEN","TAZ",1
2006-01-01,"KEN","RWA",1
2006-01-01,"KEN","ANG",1
2006-01-01,"KEN","ZAM",1
2006-01-01,"KEN","SUD",1
2006-01-01,"TAZ","RWA",1
2006-01-01,"TAZ","ANG",1
2006-01-01,"TAZ","ZAM",1
2006-01-01,"TAZ","SUD",1
2006-01-01,"RWA","ANG",1
2006-01-01,"RWA","ZAM",1
2006-01-01,"RWA","SUD",1
2006-01-01,"ANG","ZAM",1
2006-01-01,"ANG","SUD",1
2006-01-01,"ZAM","SUD",1
1849-01-01,"GMY","AUH",0
1867-01-01,"GMY","AUH",0
1823-01-01,"UKG","GMY",0
1823-01-01,"UKG","AUH",0
1823-01-01,"UKG","RUS",0
1823-01-01,"GMY","AUH",0
1823-01-01,"GMY","RUS",0
1823-01-01,"AUH","RUS",0
1821-01-01,"NTH","SPN",0
1849-01-01,"AUH","ITA",0
1834-01-01,"UKG","FRN",0
1840-01-01,"GMY","AUH",0
1840-01-01,"GMY","RUS",0
1840-01-01,"AUH","RUS",0
1842-01-01,"RUS","TUR",0
1854-01-01,"AUH","RUS",0
1849-01-01,"GMY","RUS",0
1849-01-01,"AUH","RUS",0
1840-01-01,"UKG","FRN",0
1840-01-01,"UKG","SPN",0
1840-01-01,"UKG","POR",0
1840-01-01,"SPN","POR",0
1841-01-01,"UKG","GMY",0
1841-01-01,"UKG","AUH",0
1841-01-01,"UKG","RUS",0
1841-01-01,"UKG","TUR",0
1841-01-01,"GMY","AUH",0
1841-01-01,"GMY","RUS",0
1841-01-01,"GMY","TUR",0
1841-01-01,"AUH","RUS",0
1841-01-01,"AUH","TUR",0
1841-01-01,"RUS","TUR",0
1848-01-01,"UKG","FRN",0
1848-01-01,"UKG","SPN",0
1848-01-01,"UKG","POR",0
1848-01-01,"FRN","SPN",0
1848-01-01,"FRN","POR",0
1848-01-01,"SPN","POR",0
1855-01-01,"GMY","AUH",0
1857-01-01,"UKG","FRN",0
1857-01-01,"UKG","ITA",0
1857-01-01,"UKG","TUR",0
1857-01-01,"FRN","ITA",0
1857-01-01,"FRN","TUR",0
1857-01-01,"ITA","TUR",0
1857-01-01,"GMY","AUH",0
1857-01-01,"AUH","TUR",0
1857-01-01,"UKG","AUH",0
1857-01-01,"FRN","AUH",0
1878-01-01,"UKG","FRN",0
1878-01-01,"UKG","AUH",0
1878-01-01,"FRN","AUH",0
1865-01-01,"BRA","ARG",0
1860-01-01,"FRN","ITA",0
1861-01-01,"ECU","PER",0
1864-01-01,"GMY","RUS",0
1874-01-01,"PER","BOL",0
1867-01-01,"COL","ECU",0
1883-01-01,"BRA","ARG",0
1872-01-01,"ECU","PER",0
1872-01-01,"ECU","BOL",0
1872-01-01,"ECU","CHL",0
1872-01-01,"PER","BOL",0
1872-01-01,"PER","CHL",0
1872-01-01,"BOL","CHL",0
1867-01-01,"GMY","ITA",0
1884-01-01,"PER","BOL",0
1879-01-01,"GMY","RUS",0
1881-01-01,"UKG","TUR",0
1919-01-01,"GMY","AUH",0
1916-01-01,"GMY","ITA",0
1916-01-01,"AUH","ITA",0
1917-01-01,"GMY","ROM",0
1917-01-01,"AUH","ROM",0
1918-01-01,"FRN","RUS",0
1901-01-01,"RUS","CHN",0
1922-01-01,"UKG","JPN",0
1910-01-01,"YUG","BUL",0
1906-01-01,"GMY","RUS",0
1914-01-01,"YUG","BUL",0
1914-01-01,"GRC","BUL",0
1919-01-01,"YUG","GRC",0
1919-01-01,"GMY","TUR",0
1919-01-01,"BUL","TUR",0
1919-01-01,"AUH","BUL",0
1919-01-01,"GMY","BUL",0
1919-01-01,"UKG","FRN",0
1919-01-01,"UKG","ITA",0
1918-01-01,"UKG","RUS",0
1919-01-01,"FRN","ITA",0
1918-01-01,"ITA","RUS",0
1918-01-01,"RUS","JPN",0
1919-01-01,"UKG","ROM",0
1919-01-01,"FRN","ROM",0
1919-01-01,"ITA","ROM",0
1931-01-01,"CZE","YUG",0
1937-01-01,"BEL","FRN",0
1940-01-01,"FRN","POL",0
1942-01-01,"RUS","IRN",0
1929-01-01,"TUR","AFG",0
1940-01-01,"POL","ROM",0
1940-01-01,"CZE","ROM",0
1941-01-01,"YUG","ROM",0
1937-01-01,"UKG","BEL",0
1937-01-01,"UKG","FRN",0
1937-01-01,"UKG","GMY",0
1937-01-01,"UKG","ITA",0
1937-01-01,"BEL","GMY",0
1937-01-01,"BEL","ITA",0
1937-01-01,"FRN","GMY",0
1937-01-01,"FRN","ITA",0
1937-01-01,"GMY","ITA",0
1939-01-01,"FRN","CZE",0
1940-01-01,"ITA","ALB",0
1956-01-01,"UKG","IRQ",0
1941-01-01,"YUG","GRC",0
1941-01-01,"YUG","TUR",0
1941-01-01,"GRC","ROM",0
1941-01-01,"GRC","TUR",0
1941-01-01,"ROM","TUR",0
1940-01-01,"FRN","RUS",0
1940-01-01,"CZE","RUS",0
1990-01-01,"CZE","RUS",0
1952-01-01,"UKG","EGY",0
1940-01-01,"UKG","FRN",0
1940-01-01,"UKG","YUG",0
1940-01-01,"UKG","GRC",0
1940-01-01,"UKG","BUL",0
1940-01-01,"UKG","ROM",0
1940-01-01,"UKG","RUS",0
1940-01-01,"UKG","TUR",0
1940-01-01,"UKG","EGY",0
1940-01-01,"FRN","YUG",0
1940-01-01,"FRN","GRC",0
1940-01-01,"FRN","BUL",0
1940-01-01,"FRN","ROM",0
1940-01-01,"FRN","TUR",0
1940-01-01,"FRN","EGY",0
1940-01-01,"YUG","GRC",0
1940-01-01,"YUG","BUL",0
1940-01-01,"YUG","ROM",0
1940-01-01,"YUG","RUS",0
1940-01-01,"YUG","TUR",0
1940-01-01,"YUG","EGY",0
1940-01-01,"GRC","BUL",0
1940-01-01,"GRC","ROM",0
1940-01-01,"GRC","RUS",0
1940-01-01,"GRC","TUR",0
1940-01-01,"GRC","EGY",0
1940-01-01,"BUL","ROM",0
1940-01-01,"BUL","RUS",0
1940-01-01,"BUL","TUR",0
1940-01-01,"BUL","EGY",0
1940-01-01,"ROM","RUS",0
1940-01-01,"ROM","TUR",0
1940-01-01,"ROM","EGY",0
1940-01-01,"RUS","TUR",0
1940-01-01,"RUS","EGY",0
1940-01-01,"TUR","EGY",0
1940-01-01,"UKG","POL",0
1944-01-01,"GMY","ITA",0
1941-01-01,"RUS","EST",0
1941-01-01,"RUS","LIT",0
1941-01-01,"UKG","FRN",0
1946-01-01,"UKG","TUR",0
1941-01-01,"FRN","TUR",0
1942-01-01,"GMY","HUN",0
1942-01-01,"GMY","ITA",0
1942-01-01,"GMY","BUL",0
1942-01-01,"GMY","ROM",0
1942-01-01,"GMY","JPN",0
1942-01-01,"HUN","ITA",0
1942-01-01,"HUN","BUL",0
1942-01-01,"HUN","ROM",0
1942-01-01,"HUN","JPN",0
1942-01-01,"ITA","BUL",0
1942-01-01,"ITA","ROM",0
1942-01-01,"ITA","JPN",0
1942-01-01,"BUL","ROM",0
1942-01-01,"BUL","JPN",0
1942-01-01,"ROM","JPN",0
1956-01-01,"UKG","RUS",0
1946-01-01,"JPN","THI",0
1947-01-01,"UKG","RUS",0
1947-01-01,"UKG","IRN",0
1947-01-01,"RUS","IRN",0
1952-01-01,"AUL","NEW",0
1956-01-01,"FRN","RUS",0
1948-01-01,"USA","CUB",0
1948-01-01,"USA","HAI",0
1948-01-01,"USA","DOM",0
1948-01-01,"USA","MEX",0
1948-01-01,"USA","GUA",0
1948-01-01,"USA","HON",0
1948-01-01,"USA","NIC",0
1948-01-01,"USA","COS",0
1948-01-01,"USA","PAN",0
1948-01-01,"USA","COL",0
1948-01-01,"USA","VEN",0
1948-01-01,"USA","ECU",0
1948-01-01,"USA","PER",0
1948-01-01,"USA","BRA",0
1948-01-01,"USA","BOL",0
1948-01-01,"USA","PAR",0
1948-01-01,"USA","CHL",0
1948-01-01,"USA","ARG",0
1948-01-01,"CUB","HAI",0
1948-01-01,"CUB","DOM",0
1948-01-01,"CUB","MEX",0
1948-01-01,"CUB","GUA",0
1948-01-01,"CUB","HON",0
1948-01-01,"CUB","NIC",0
1948-01-01,"CUB","COS",0
1948-01-01,"CUB","PAN",0
1948-01-01,"CUB","COL",0
1948-01-01,"CUB","VEN",0
1948-01-01,"CUB","ECU",0
1948-01-01,"CUB","PER",0
1948-01-01,"CUB","BRA",0
1948-01-01,"CUB","BOL",0
1948-01-01,"CUB","PAR",0
1948-01-01,"CUB","CHL",0
1948-01-01,"CUB","ARG",0
1948-01-01,"HAI","DOM",0
1948-01-01,"HAI","MEX",0
1948-01-01,"HAI","GUA",0
1948-01-01,"HAI","HON",0
1948-01-01,"HAI","NIC",0
1948-01-01,"HAI","COS",0
1948-01-01,"HAI","PAN",0
1948-01-01,"HAI","COL",0
1948-01-01,"HAI","VEN",0
1948-01-01,"HAI","ECU",0
1948-01-01,"HAI","PER",0
1948-01-01,"HAI","BRA",0
1948-01-01,"HAI","BOL",0
1948-01-01,"HAI","PAR",0
1948-01-01,"HAI","CHL",0
1948-01-01,"HAI","ARG",0
1948-01-01,"DOM","MEX",0
1948-01-01,"DOM","GUA",0
1948-01-01,"DOM","HON",0
1948-01-01,"DOM","NIC",0
1948-01-01,"DOM","COS",0
1948-01-01,"DOM","PAN",0
1948-01-01,"DOM","COL",0
1948-01-01,"DOM","VEN",0
1948-01-01,"DOM","ECU",0
1948-01-01,"DOM","PER",0
1948-01-01,"DOM","BRA",0
1948-01-01,"DOM","BOL",0
1948-01-01,"DOM","PAR",0
1948-01-01,"DOM","CHL",0
1948-01-01,"DOM","ARG",0
1948-01-01,"MEX","GUA",0
1948-01-01,"MEX","HON",0
1948-01-01,"MEX","NIC",0
1948-01-01,"MEX","COS",0
1948-01-01,"MEX","PAN",0
1948-01-01,"MEX","COL",0
1948-01-01,"MEX","VEN",0
1948-01-01,"MEX","ECU",0
1948-01-01,"MEX","PER",0
1948-01-01,"MEX","BRA",0
1948-01-01,"MEX","BOL",0
1948-01-01,"MEX","PAR",0
1948-01-01,"MEX","CHL",0
1948-01-01,"MEX","ARG",0
1948-01-01,"GUA","HON",0
1948-01-01,"GUA","NIC",0
1948-01-01,"GUA","COS",0
1948-01-01,"GUA","PAN",0
1948-01-01,"GUA","COL",0
1948-01-01,"GUA","VEN",0
1948-01-01,"GUA","ECU",0
1948-01-01,"GUA","PER",0
1948-01-01,"GUA","BRA",0
1948-01-01,"GUA","BOL",0
1948-01-01,"GUA","PAR",0
1948-01-01,"GUA","CHL",0
1948-01-01,"GUA","ARG",0
1948-01-01,"HON","NIC",0
1948-01-01,"HON","COS",0
1948-01-01,"HON","PAN",0
1948-01-01,"HON","COL",0
1948-01-01,"HON","VEN",0
1948-01-01,"HON","ECU",0
1948-01-01,"HON","PER",0
1948-01-01,"HON","BRA",0
1948-01-01,"HON","BOL",0
1948-01-01,"HON","PAR",0
1948-01-01,"HON","CHL",0
1948-01-01,"HON","ARG",0
1948-01-01,"NIC","COS",0
1948-01-01,"NIC","PAN",0
1948-01-01,"NIC","COL",0
1948-01-01,"NIC","VEN",0
1948-01-01,"NIC","ECU",0
1948-01-01,"NIC","PER",0
1948-01-01,"NIC","BRA",0
1948-01-01,"NIC","BOL",0
1948-01-01,"NIC","PAR",0
1948-01-01,"NIC","CHL",0
1948-01-01,"NIC","ARG",0
1948-01-01,"COS","PAN",0
1948-01-01,"COS","COL",0
1948-01-01,"COS","VEN",0
1948-01-01,"COS","ECU",0
1948-01-01,"COS","PER",0
1948-01-01,"COS","BRA",0
1948-01-01,"COS","BOL",0
1948-01-01,"COS","PAR",0
1948-01-01,"COS","CHL",0
1948-01-01,"COS","ARG",0
1948-01-01,"PAN","COL",0
1948-01-01,"PAN","VEN",0
1948-01-01,"PAN","ECU",0
1948-01-01,"PAN","PER",0
1948-01-01,"PAN","BRA",0
1948-01-01,"PAN","BOL",0
1948-01-01,"PAN","PAR",0
1948-01-01,"PAN","CHL",0
1948-01-01,"PAN","ARG",0
1948-01-01,"COL","VEN",0
1948-01-01,"COL","ECU",0
1948-01-01,"COL","PER",0
1948-01-01,"COL","BRA",0
1948-01-01,"COL","BOL",0
1948-01-01,"COL","PAR",0
1948-01-01,"COL","CHL",0
1948-01-01,"COL","ARG",0
1948-01-01,"VEN","ECU",0
1948-01-01,"VEN","PER",0
1948-01-01,"VEN","BRA",0
1948-01-01,"VEN","BOL",0
1948-01-01,"VEN","PAR",0
1948-01-01,"VEN","CHL",0
1948-01-01,"VEN","ARG",0
1948-01-01,"ECU","PER",0
1948-01-01,"ECU","BRA",0
1948-01-01,"ECU","BOL",0
1948-01-01,"ECU","PAR",0
1948-01-01,"ECU","CHL",0
1948-01-01,"ECU","ARG",0
1948-01-01,"PER","BRA",0
1948-01-01,"PER","BOL",0
1948-01-01,"PER","PAR",0
1948-01-01,"PER","CHL",0
1948-01-01,"PER","ARG",0
1948-01-01,"BRA","BOL",0
1948-01-01,"BRA","PAR",0
1948-01-01,"BRA","CHL",0
1948-01-01,"BRA","ARG",0
1948-01-01,"BOL","PAR",0
1948-01-01,"BOL","CHL",0
1948-01-01,"BOL","ARG",0
1948-01-01,"PAR","CHL",0
1948-01-01,"PAR","ARG",0
1948-01-01,"CHL","ARG",0
1950-01-01,"YUG","RUS",0
1990-01-01,"POL","RUS",0
1950-01-01,"RUS","CHN",0
1950-01-01,"POL","YUG",0
1957-01-01,"UKG","JOR",0
1950-01-01,"CZE","YUG",0
1950-01-01,"ALB","YUG",0
1949-01-01,"UKG","FRN",0
1990-01-01,"POL","CZE",0
1963-01-01,"USA","CUB",0
1963-01-01,"CUB","HAI",0
1963-01-01,"CUB","DOM",0
1963-01-01,"CUB","MEX",0
1963-01-01,"CUB","GUA",0
1963-01-01,"CUB","HON",0
1963-01-01,"CUB","SAL",0
1963-01-01,"CUB","NIC",0
1963-01-01,"CUB","COS",0
1963-01-01,"CUB","PAN",0
1963-01-01,"CUB","COL",0
1963-01-01,"CUB","VEN",0
1963-01-01,"CUB","ECU",0
1963-01-01,"CUB","PER",0
1963-01-01,"CUB","BRA",0
1963-01-01,"CUB","BOL",0
1963-01-01,"CUB","PAR",0
1963-01-01,"CUB","CHL",0
1963-01-01,"CUB","ARG",0
1950-01-01,"HUN","YUG",0
1968-01-01,"ALB","BUL",0
1950-01-01,"YUG","ROM",0
1990-01-01,"BUL","ROM",0
1990-01-01,"HUN","ROM",0
1990-01-01,"ROM","RUS",0
1990-01-01,"HUN","RUS",0
1990-01-01,"BUL","RUS",0
1992-01-01,"RUS","FIN",0
1990-01-01,"CZE","BUL",0
1990-01-01,"POL","BUL",0
1990-01-01,"POL","HUN",0
1990-01-01,"HUN","BUL",0
1990-01-01,"CZE","ROM",0
1990-01-01,"POL","ROM",0
1991-01-01,"USA","GFR",0
1991-01-01,"CAN","GFR",0
1991-01-01,"UKG","GFR",0
1991-01-01,"NTH","GFR",0
1991-01-01,"BEL","GFR",0
1991-01-01,"LUX","GFR",0
1991-01-01,"FRN","GFR",0
1991-01-01,"SPN","GFR",0
1991-01-01,"POR","GFR",0
1991-01-01,"GMY","GFR",0
1991-01-01,"GFR","ITA",0
1991-01-01,"GFR","GRC",0
1991-01-01,"GFR","NOR",0
1991-01-01,"GFR","DEN",0
1991-01-01,"GFR","TUR",0
1990-01-01,"HUN","CZE",0
1981-01-01,"RUS","CHN",0
1980-01-01,"SOM","EGY",0
1991-01-01,"SOM","YAR",0
1991-01-01,"SOM","YPR",0
1980-01-01,"MOR","EGY",0
1991-01-01,"MOR","YAR",0
1991-01-01,"MOR","YPR",0
1980-01-01,"ALG","EGY",0
1991-01-01,"ALG","YAR",0
1991-01-01,"ALG","YPR",0
1980-01-01,"TUN","EGY",0
1959-01-01,"TUN","SYR",0
1991-01-01,"TUN","YAR",0
1991-01-01,"TUN","YPR",0
1980-01-01,"LIB","EGY",0
1991-01-01,"LIB","YAR",0
1991-01-01,"LIB","YPR",0
1980-01-01,"SUD","EGY",0
1991-01-01,"SUD","YAR",0
1991-01-01,"SUD","YPR",0
1980-01-01,"IRQ","EGY",0
1959-01-01,"IRQ","SYR",0
1991-01-01,"IRQ","YAR",0
1991-01-01,"IRQ","YPR",0
1959-01-01,"EGY","SYR",0
1980-01-01,"EGY","SYR",0
1980-01-01,"EGY","LEB",0
1980-01-01,"EGY","JOR",0
1980-01-01,"EGY","SAU",0
1980-01-01,"EGY","YAR",0
1991-01-01,"EGY","YAR",0
1980-01-01,"EGY","YPR",0
1991-01-01,"EGY","YPR",0
1980-01-01,"EGY","KUW",0
1980-01-01,"EGY","QAT",0
1980-01-01,"EGY","UAE",0
1959-01-01,"SYR","LEB",0
1959-01-01,"SYR","JOR",0
1959-01-01,"SYR","SAU",0
1959-01-01,"SYR","YAR",0
1991-01-01,"SYR","YAR",0
1991-01-01,"SYR","YPR",0
1959-01-01,"SYR","UAE",0
1991-01-01,"LEB","YAR",0
1991-01-01,"LEB","YPR",0
1991-01-01,"JOR","YAR",0
1991-01-01,"JOR","YPR",0
1991-01-01,"SAU","YAR",0
1991-01-01,"SAU","YPR",0
1991-01-01,"YAR","YPR",0
1991-01-01,"YAR","KUW",0
1991-01-01,"YAR","QAT",0
1991-01-01,"YAR","UAE",0
1991-01-01,"YPR","KUW",0
1991-01-01,"YPR","QAT",0
1991-01-01,"YPR","UAE",0
1987-01-01,"USA","NEW",0
1987-01-01,"AUL","NEW",0
1965-01-01,"YUG","GRC",0
1955-01-01,"YUG","GRC",0
1965-01-01,"YUG","TUR",0
1955-01-01,"YUG","TUR",0
1965-01-01,"GRC","TUR",0
1955-01-01,"GRC","TUR",0
1970-01-01,"UKG","LIB",0
1981-01-01,"USA","TAW",0
1960-01-01,"UKG","IRQ",0
1990-01-01,"GDR","POL",0
1957-01-01,"GDR","HUN",0
1990-01-01,"GDR","CZE",0
1969-01-01,"GDR","ALB",0
1990-01-01,"GDR","BUL",0
1990-01-01,"GDR","ROM",0
1990-01-01,"GDR","RUS",0
1957-01-01,"POL","HUN",0
1969-01-01,"POL","ALB",0
1957-01-01,"HUN","CZE",0
1957-01-01,"HUN","ALB",0
1957-01-01,"HUN","BUL",0
1957-01-01,"HUN","ROM",0
1957-01-01,"HUN","RUS",0
1969-01-01,"CZE","ALB",0
1969-01-01,"ALB","BUL",0
1969-01-01,"ALB","ROM",0
1969-01-01,"ALB","RUS",0
1962-01-01,"EGY","SYR",0
1962-01-01,"EGY","JOR",0
1962-01-01,"SYR","JOR",0
1957-01-01,"EGY","SAU",0
1963-01-01,"EGY","SAU",0
1963-01-01,"EGY","YAR",0
1963-01-01,"SAU","YAR",0
1975-01-01,"TUN","LIB",0
1972-01-01,"UKG","MAL",0
1977-01-01,"FRN","CEN",0
1979-01-01,"FRN","CHA",0
1979-01-01,"FRN","CON",0
1977-01-01,"CEN","CHA",0
1977-01-01,"CEN","CON",0
1979-01-01,"CHA","CON",0
1975-01-01,"GRC","TUR",0
1964-01-01,"GUI","GHA",0
1996-01-01,"RUS","PRK",0
1965-01-01,"SEN","CEN",0
1965-01-01,"SEN","CHA",0
1965-01-01,"SEN","CON",0
1965-01-01,"SEN","RWA",0
1965-01-01,"CEN","CHA",0
1965-01-01,"CEN","CON",0
1965-01-01,"CEN","RWA",0
1965-01-01,"CHA","CON",0
1965-01-01,"CHA","RWA",0
1965-01-01,"CON","RWA",0
1968-01-01,"EGY","YAR",0
1970-01-01,"GUA","HON",0
1970-01-01,"GUA","SAL",0
1970-01-01,"GUA","NIC",0
1970-01-01,"GUA","COS",0
1970-01-01,"GUA","PAN",0
1970-01-01,"HON","SAL",0
1970-01-01,"HON","NIC",0
1970-01-01,"HON","COS",0
1970-01-01,"HON","PAN",0
1970-01-01,"SAL","NIC",0
1970-01-01,"SAL","COS",0
1970-01-01,"SAL","PAN",0
1970-01-01,"NIC","COS",0
1970-01-01,"NIC","PAN",0
1970-01-01,"COS","PAN",0
1995-01-01,"DRC","RWA",0
1968-01-01,"EGY","SYR",0
1990-01-01,"GDR","HUN",0
1980-01-01,"IRQ","JOR",0
1969-01-01,"CEN","CHA",0
1969-01-01,"CEN","CON",0
1969-01-01,"CHA","CON",0
1980-01-01,"UGA","SUD",0
1985-01-01,"ALG","LIB",0
1990-01-01,"SUD","EGY",0
1981-01-01,"LIB","SYR",0
1987-01-01,"ETH","LIB",0
1987-01-01,"ETH","YPR",0
1987-01-01,"LIB","YPR",0
2002-01-01,"CON","ANG",0
2002-01-01,"CON","ZIM",0
2002-01-01,"ANG","ZIM",0
1816-01-01,"POR","UKG",1
1816-01-01,"AUH","GMY",1
1850-01-01,"AUH","GMY",1
1816-01-01,"GMY","UKG",1
1816-01-01,"AUH","UKG",1
1816-01-01,"RUS","UKG",1
1816-01-01,"RUS","GMY",1
1816-01-01,"RUS","AUH",1
1816-01-01,"SPN","NTH",1
1831-01-01,"ITA","AUH",1
1832-01-01,"FRN","UKG",1
1833-01-01,"AUH","GMY",1
1833-01-01,"RUS","GMY",1
1833-01-01,"RUS","AUH",1
1833-01-01,"TUR","RUS",1
1834-01-01,"FRN","UKG",1
1834-01-01,"SPN","UKG",1
1834-01-01,"POR","UKG",1
1834-01-01,"POR","SPN",1
1840-01-01,"GMY","UKG",1
1840-01-01,"AUH","UKG",1
1840-01-01,"RUS","UKG",1
1840-01-01,"TUR","UKG",1
1840-01-01,"AUH","GMY",1
1840-01-01,"RUS","GMY",1
1840-01-01,"TUR","GMY",1
1840-01-01,"RUS","AUH",1
1840-01-01,"TUR","AUH",1
1840-01-01,"TUR","RUS",1
1847-01-01,"FRN","UKG",1
1847-01-01,"SPN","UKG",1
1847-01-01,"POR","UKG",1
1847-01-01,"SPN","FRN",1
1847-01-01,"POR","FRN",1
1847-01-01,"POR","SPN",1
1851-01-01,"AUH","GMY",1
1854-01-01,"FRN","UKG",1
1855-01-01,"ITA","UKG",1
1854-01-01,"TUR","UKG",1
1855-01-01,"ITA","FRN",1
1854-01-01,"TUR","FRN",1
1855-01-01,"TUR","ITA",1
1854-01-01,"AUH","GMY",1
1854-01-01,"TUR","AUH",1
1854-01-01,"AUH","UKG",1
1854-01-01,"AUH","FRN",1
1855-01-01,"FRN","UKG",1
1856-01-01,"FRN","UKG",1
1856-01-01,"AUH","UKG",1
1856-01-01,"AUH","FRN",1
1859-01-01,"ARG","BRA",1
1859-01-01,"ITA","FRN",1
1860-01-01,"PER","ECU",1
1863-01-01,"RUS","GMY",1
1863-01-01,"BOL","PER",1
1864-01-01,"ECU","COL",1
1864-01-01,"AUH","GMY",1
1865-01-01,"ARG","BRA",1
1866-01-01,"PER","ECU",1
1866-01-01,"BOL","ECU",1
1866-01-01,"CHL","ECU",1
1866-01-01,"BOL","PER",1
1865-01-01,"CHL","PER",1
1866-01-01,"CHL","BOL",1
1866-01-01,"ITA","GMY",1
1873-01-01,"BOL","PER",1
1873-01-01,"RUS","GMY",1
1878-01-01,"TUR","UKG",1
1879-01-01,"AUH","GMY",1
1882-01-01,"AUH","GMY",1
1882-01-01,"ITA","GMY",1
1882-01-01,"ITA","AUH",1
1883-01-01,"AUH","GMY",1
1888-01-01,"ITA","GMY",1
1883-01-01,"ROM","GMY",1
1888-01-01,"ITA","AUH",1
1883-01-01,"ROM","AUH",1
1893-01-01,"RUS","FRN",1
1896-01-01,"CHN","RUS",1
1902-01-01,"JPN","UKG",1
1908-01-01,"BUL","YUG",1
1905-01-01,"RUS","GMY",1
1912-01-01,"BUL","YUG",1
1912-01-01,"BUL","GRC",1
1913-01-01,"GRC","YUG",1
1914-01-01,"TUR","GMY",1
1914-01-01,"TUR","BUL",1
1914-01-01,"BUL","AUH",1
1914-01-01,"BUL","GMY",1
1915-01-01,"FRN","UKG",1
1915-01-01,"ITA","UKG",1
1915-01-01,"RUS","UKG",1
1915-01-01,"ITA","FRN",1
1915-01-01,"RUS","FRN",1
1915-01-01,"RUS","ITA",1
1915-01-01,"AUH","GMY",1
1915-01-01,"BUL","GMY",1
1915-01-01,"BUL","AUH",1
1916-01-01,"JPN","RUS",1
1916-01-01,"FRN","UKG",1
1916-01-01,"ITA","UKG",1
1916-01-01,"ROM","UKG",1
1916-01-01,"RUS","UKG",1
1916-01-01,"ITA","FRN",1
1916-01-01,"ROM","FRN",1
1916-01-01,"RUS","FRN",1
1916-01-01,"ROM","ITA",1
1916-01-01,"RUS","ITA",1
1920-01-01,"YUG","CZE",1
1920-01-01,"FRN","BEL",1
1921-01-01,"POL","FRN",1
1921-01-01,"IRN","RUS",1
1921-01-01,"AFG","TUR",1
1921-01-01,"ROM","POL",1
1921-01-01,"ROM","CZE",1
1921-01-01,"ROM","YUG",1
1925-01-01,"BEL","UKG",1
1925-01-01,"FRN","UKG",1
1925-01-01,"GMY","UKG",1
1925-01-01,"ITA","UKG",1
1925-01-01,"FRN","BEL",1
1925-01-01,"GMY","BEL",1
1925-01-01,"ITA","BEL",1
1925-01-01,"GMY","FRN",1
1925-01-01,"ITA","FRN",1
1925-01-01,"ITA","GMY",1
1925-01-01,"POL","FRN",1
1925-01-01,"CZE","FRN",1
1927-01-01,"ALB","ITA",1
1932-01-01,"IRQ","UKG",1
1934-01-01,"GRC","YUG",1
1934-01-01,"ROM","YUG",1
1934-01-01,"TUR","YUG",1
1934-01-01,"ROM","GRC",1
1934-01-01,"TUR","GRC",1
1934-01-01,"TUR","ROM",1
1935-01-01,"RUS","FRN",1
1935-01-01,"RUS","CZE",1
1945-01-01,"RUS","CZE",1
1937-01-01,"EGY","UKG",1
1937-01-01,"FRN","UKG",1
1937-01-01,"YUG","UKG",1
1937-01-01,"GRC","UKG",1
1937-01-01,"BUL","UKG",1
1937-01-01,"ROM","UKG",1
1937-01-01,"RUS","UKG",1
1937-01-01,"TUR","UKG",1
1937-01-01,"YUG","FRN",1
1937-01-01,"GRC","FRN",1
1937-01-01,"BUL","FRN",1
1937-01-01,"ROM","FRN",1
1937-01-01,"RUS","FRN",1
1937-01-01,"TUR","FRN",1
1937-01-01,"EGY","FRN",1
1937-01-01,"GRC","YUG",1
1937-01-01,"BUL","YUG",1
1937-01-01,"ROM","YUG",1
1937-01-01,"RUS","YUG",1
1937-01-01,"TUR","YUG",1
1937-01-01,"EGY","YUG",1
1937-01-01,"BUL","GRC",1
1937-01-01,"ROM","GRC",1
1937-01-01,"RUS","GRC",1
1937-01-01,"TUR","GRC",1
1937-01-01,"EGY","GRC",1
1937-01-01,"ROM","BUL",1
1937-01-01,"RUS","BUL",1
1937-01-01,"TUR","BUL",1
1937-01-01,"EGY","BUL",1
1937-01-01,"RUS","ROM",1
1937-01-01,"TUR","ROM",1
1937-01-01,"EGY","ROM",1
1937-01-01,"TUR","RUS",1
1937-01-01,"EGY","RUS",1
1937-01-01,"EGY","TUR",1
1939-01-01,"POL","UKG",1
1939-01-01,"ITA","GMY",1
1939-01-01,"TUR","FRN",1
1939-01-01,"EST","RUS",1
1939-01-01,"LIT","RUS",1
1939-01-01,"FRN","UKG",1
1939-01-01,"TUR","UKG",1
1940-01-01,"HUN","GMY",1
1940-01-01,"ITA","GMY",1
1941-01-01,"BUL","GMY",1
1940-01-01,"ROM","GMY",1
1940-01-01,"JPN","GMY",1
1940-01-01,"ITA","HUN",1
1941-01-01,"BUL","HUN",1
1940-01-01,"ROM","HUN",1
1940-01-01,"JPN","HUN",1
1941-01-01,"BUL","ITA",1
1940-01-01,"ROM","ITA",1
1940-01-01,"JPN","ITA",1
1941-01-01,"ROM","BUL",1
1941-01-01,"JPN","BUL",1
1940-01-01,"JPN","ROM",1
1941-01-01,"RUS","UKG",1
1941-01-01,"THI","JPN",1
1942-01-01,"RUS","UKG",1
1942-01-01,"IRN","UKG",1
1942-01-01,"IRN","RUS",1
1944-01-01,"NEW","AUL",1
1944-01-01,"RUS","FRN",1
1945-01-01,"CUB","USA",1
1945-01-01,"HAI","USA",1
1945-01-01,"DOM","USA",1
1945-01-01,"MEX","USA",1
1945-01-01,"GUA","USA",1
1945-01-01,"HON","USA",1
1945-01-01,"NIC","USA",1
1945-01-01,"COS","USA",1
1945-01-01,"PAN","USA",1
1945-01-01,"COL","USA",1
1945-01-01,"VEN","USA",1
1945-01-01,"ECU","USA",1
1945-01-01,"PER","USA",1
1945-01-01,"BRA","USA",1
1945-01-01,"BOL","USA",1
1945-01-01,"PAR","USA",1
1945-01-01,"CHL","USA",1
1945-01-01,"ARG","USA",1
1945-01-01,"HAI","CUB",1
1945-01-01,"DOM","CUB",1
1945-01-01,"MEX","CUB",1
1945-01-01,"GUA","CUB",1
1945-01-01,"HON","CUB",1
1945-01-01,"NIC","CUB",1
1945-01-01,"COS","CUB",1
1945-01-01,"PAN","CUB",1
1945-01-01,"COL","CUB",1
1945-01-01,"VEN","CUB",1
1945-01-01,"ECU","CUB",1
1945-01-01,"PER","CUB",1
1945-01-01,"BRA","CUB",1
1945-01-01,"BOL","CUB",1
1945-01-01,"PAR","CUB",1
1945-01-01,"CHL","CUB",1
1945-01-01,"ARG","CUB",1
1945-01-01,"DOM","HAI",1
1945-01-01,"MEX","HAI",1
1945-01-01,"GUA","HAI",1
1945-01-01,"HON","HAI",1
1945-01-01,"NIC","HAI",1
1945-01-01,"COS","HAI",1
1945-01-01,"PAN","HAI",1
1945-01-01,"COL","HAI",1
1945-01-01,"VEN","HAI",1
1945-01-01,"ECU","HAI",1
1945-01-01,"PER","HAI",1
1945-01-01,"BRA","HAI",1
1945-01-01,"BOL","HAI",1
1945-01-01,"PAR","HAI",1
1945-01-01,"CHL","HAI",1
1945-01-01,"ARG","HAI",1
1945-01-01,"MEX","DOM",1
1945-01-01,"GUA","DOM",1
1945-01-01,"HON","DOM",1
1945-01-01,"NIC","DOM",1
1945-01-01,"COS","DOM",1
1945-01-01,"PAN","DOM",1
1945-01-01,"COL","DOM",1
1945-01-01,"VEN","DOM",1
1945-01-01,"ECU","DOM",1
1945-01-01,"PER","DOM",1
1945-01-01,"BRA","DOM",1
1945-01-01,"BOL","DOM",1
1945-01-01,"PAR","DOM",1
1945-01-01,"CHL","DOM",1
1945-01-01,"ARG","DOM",1
1945-01-01,"GUA","MEX",1
1945-01-01,"HON","MEX",1
1945-01-01,"NIC","MEX",1
1945-01-01,"COS","MEX",1
1945-01-01,"PAN","MEX",1
1945-01-01,"COL","MEX",1
1945-01-01,"VEN","MEX",1
1945-01-01,"ECU","MEX",1
1945-01-01,"PER","MEX",1
1945-01-01,"BRA","MEX",1
1945-01-01,"BOL","MEX",1
1945-01-01,"PAR","MEX",1
1945-01-01,"CHL","MEX",1
1945-01-01,"ARG","MEX",1
1945-01-01,"HON","GUA",1
1945-01-01,"NIC","GUA",1
1945-01-01,"COS","GUA",1
1945-01-01,"PAN","GUA",1
1945-01-01,"COL","GUA",1
1945-01-01,"VEN","GUA",1
1945-01-01,"ECU","GUA",1
1945-01-01,"PER","GUA",1
1945-01-01,"BRA","GUA",1
1945-01-01,"BOL","GUA",1
1945-01-01,"PAR","GUA",1
1945-01-01,"CHL","GUA",1
1945-01-01,"ARG","GUA",1
1945-01-01,"NIC","HON",1
1945-01-01,"COS","HON",1
1945-01-01,"PAN","HON",1
1945-01-01,"COL","HON",1
1945-01-01,"VEN","HON",1
1945-01-01,"ECU","HON",1
1945-01-01,"PER","HON",1
1945-01-01,"BRA","HON",1
1945-01-01,"BOL","HON",1
1945-01-01,"PAR","HON",1
1945-01-01,"CHL","HON",1
1945-01-01,"ARG","HON",1
1945-01-01,"COS","NIC",1
1945-01-01,"PAN","NIC",1
1945-01-01,"COL","NIC",1
1945-01-01,"VEN","NIC",1
1945-01-01,"ECU","NIC",1
1945-01-01,"PER","NIC",1
1945-01-01,"BRA","NIC",1
1945-01-01,"BOL","NIC",1
1945-01-01,"PAR","NIC",1
1945-01-01,"CHL","NIC",1
1945-01-01,"ARG","NIC",1
1945-01-01,"PAN","COS",1
1945-01-01,"COL","COS",1
1945-01-01,"VEN","COS",1
1945-01-01,"ECU","COS",1
1945-01-01,"PER","COS",1
1945-01-01,"BRA","COS",1
1945-01-01,"BOL","COS",1
1945-01-01,"PAR","COS",1
1945-01-01,"CHL","COS",1
1945-01-01,"ARG","COS",1
1945-01-01,"COL","PAN",1
1945-01-01,"VEN","PAN",1
1945-01-01,"ECU","PAN",1
1945-01-01,"PER","PAN",1
1945-01-01,"BRA","PAN",1
1945-01-01,"BOL","PAN",1
1945-01-01,"PAR","PAN",1
1945-01-01,"CHL","PAN",1
1945-01-01,"ARG","PAN",1
1945-01-01,"VEN","COL",1
1945-01-01,"ECU","COL",1
1945-01-01,"PER","COL",1
1945-01-01,"BRA","COL",1
1945-01-01,"BOL","COL",1
1945-01-01,"PAR","COL",1
1945-01-01,"CHL","COL",1
1945-01-01,"ARG","COL",1
1945-01-01,"ECU","VEN",1
1945-01-01,"PER","VEN",1
1945-01-01,"BRA","VEN",1
1945-01-01,"BOL","VEN",1
1945-01-01,"PAR","VEN",1
1945-01-01,"CHL","VEN",1
1945-01-01,"ARG","VEN",1
1945-01-01,"PER","ECU",1
1945-01-01,"BRA","ECU",1
1945-01-01,"BOL","ECU",1
1945-01-01,"PAR","ECU",1
1945-01-01,"CHL","ECU",1
1945-01-01,"ARG","ECU",1
1945-01-01,"BRA","PER",1
1945-01-01,"BOL","PER",1
1945-01-01,"PAR","PER",1
1945-01-01,"CHL","PER",1
1945-01-01,"ARG","PER",1
1945-01-01,"BOL","BRA",1
1945-01-01,"PAR","BRA",1
1945-01-01,"CHL","BRA",1
1945-01-01,"ARG","BRA",1
1945-01-01,"PAR","BOL",1
1945-01-01,"CHL","BOL",1
1945-01-01,"ARG","BOL",1
1945-01-01,"CHL","PAR",1
1945-01-01,"ARG","PAR",1
1945-01-01,"ARG","CHL",1
1945-01-01,"RUS","YUG",1
1945-01-01,"RUS","POL",1
1945-01-01,"CHN","RUS",1
1946-01-01,"YUG","POL",1
1946-01-01,"JOR","UKG",1
1946-01-01,"YUG","CZE",1
1946-01-01,"YUG","ALB",1
1947-01-01,"FRN","UKG",1
1947-01-01,"CZE","POL",1
1989-01-01,"CAN","USA",1
1947-01-01,"CUB","USA",1
1947-01-01,"HAI","USA",1
1947-01-01,"DOM","USA",1
1947-01-01,"MEX","USA",1
1947-01-01,"GUA","USA",1
1947-01-01,"HON","USA",1
1947-01-01,"SAL","USA",1
1947-01-01,"NIC","USA",1
1947-01-01,"COS","USA",1
1947-01-01,"PAN","USA",1
1947-01-01,"COL","USA",1
1947-01-01,"VEN","USA",1
1947-01-01,"ECU","USA",1
1947-01-01,"PER","USA",1
1947-01-01,"BRA","USA",1
1947-01-01,"BOL","USA",1
1947-01-01,"PAR","USA",1
1947-01-01,"CHL","USA",1
1947-01-01,"ARG","USA",1
1989-01-01,"HAI","CAN",1
1989-01-01,"DOM","CAN",1
1989-01-01,"MEX","CAN",1
1989-01-01,"GUA","CAN",1
1989-01-01,"HON","CAN",1
1989-01-01,"SAL","CAN",1
1989-01-01,"NIC","CAN",1
1989-01-01,"COS","CAN",1
1989-01-01,"PAN","CAN",1
1989-01-01,"COL","CAN",1
1989-01-01,"VEN","CAN",1
1989-01-01,"ECU","CAN",1
1989-01-01,"PER","CAN",1
1989-01-01,"BRA","CAN",1
1989-01-01,"BOL","CAN",1
1989-01-01,"PAR","CAN",1
1989-01-01,"CHL","CAN",1
1989-01-01,"ARG","CAN",1
1947-01-01,"HAI","CUB",1
1947-01-01,"DOM","CUB",1
1947-01-01,"MEX","CUB",1
1947-01-01,"GUA","CUB",1
1947-01-01,"HON","CUB",1
1947-01-01,"SAL","CUB",1
1947-01-01,"NIC","CUB",1
1947-01-01,"COS","CUB",1
1947-01-01,"PAN","CUB",1
1947-01-01,"COL","CUB",1
1947-01-01,"VEN","CUB",1
1947-01-01,"ECU","CUB",1
1947-01-01,"PER","CUB",1
1947-01-01,"BRA","CUB",1
1947-01-01,"BOL","CUB",1
1947-01-01,"PAR","CUB",1
1947-01-01,"CHL","CUB",1
1947-01-01,"ARG","CUB",1
1947-01-01,"DOM","HAI",1
1947-01-01,"MEX","HAI",1
1947-01-01,"GUA","HAI",1
1947-01-01,"HON","HAI",1
1947-01-01,"SAL","HAI",1
1947-01-01,"NIC","HAI",1
1947-01-01,"COS","HAI",1
1947-01-01,"PAN","HAI",1
1947-01-01,"COL","HAI",1
1947-01-01,"VEN","HAI",1
1947-01-01,"ECU","HAI",1
1947-01-01,"PER","HAI",1
1947-01-01,"BRA","HAI",1
1947-01-01,"BOL","HAI",1
1947-01-01,"PAR","HAI",1
1947-01-01,"CHL","HAI",1
1947-01-01,"ARG","HAI",1
1947-01-01,"MEX","DOM",1
1947-01-01,"GUA","DOM",1
1947-01-01,"HON","DOM",1
1947-01-01,"SAL","DOM",1
1947-01-01,"NIC","DOM",1
1947-01-01,"COS","DOM",1
1947-01-01,"PAN","DOM",1
1947-01-01,"COL","DOM",1
1947-01-01,"VEN","DOM",1
1947-01-01,"ECU","DOM",1
1947-01-01,"PER","DOM",1
1947-01-01,"BRA","DOM",1
1947-01-01,"BOL","DOM",1
1947-01-01,"PAR","DOM",1
1947-01-01,"CHL","DOM",1
1947-01-01,"ARG","DOM",1
1947-01-01,"GUA","MEX",1
1947-01-01,"HON","MEX",1
1947-01-01,"SAL","MEX",1
1947-01-01,"NIC","MEX",1
1947-01-01,"COS","MEX",1
1947-01-01,"PAN","MEX",1
1947-01-01,"COL","MEX",1
1947-01-01,"VEN","MEX",1
1947-01-01,"ECU","MEX",1
1947-01-01,"PER","MEX",1
1947-01-01,"BRA","MEX",1
1947-01-01,"BOL","MEX",1
1947-01-01,"PAR","MEX",1
1947-01-01,"CHL","MEX",1
1947-01-01,"ARG","MEX",1
1947-01-01,"HON","GUA",1
1947-01-01,"SAL","GUA",1
1947-01-01,"NIC","GUA",1
1947-01-01,"COS","GUA",1
1947-01-01,"PAN","GUA",1
1947-01-01,"COL","GUA",1
1947-01-01,"VEN","GUA",1
1947-01-01,"ECU","GUA",1
1947-01-01,"PER","GUA",1
1947-01-01,"BRA","GUA",1
1947-01-01,"BOL","GUA",1
1947-01-01,"PAR","GUA",1
1947-01-01,"CHL","GUA",1
1947-01-01,"ARG","GUA",1
1947-01-01,"SAL","HON",1
1947-01-01,"NIC","HON",1
1947-01-01,"COS","HON",1
1947-01-01,"PAN","HON",1
1947-01-01,"COL","HON",1
1947-01-01,"VEN","HON",1
1947-01-01,"ECU","HON",1
1947-01-01,"PER","HON",1
1947-01-01,"BRA","HON",1
1947-01-01,"BOL","HON",1
1947-01-01,"PAR","HON",1
1947-01-01,"CHL","HON",1
1947-01-01,"ARG","HON",1
1947-01-01,"NIC","SAL",1
1947-01-01,"COS","SAL",1
1947-01-01,"PAN","SAL",1
1947-01-01,"COL","SAL",1
1947-01-01,"VEN","SAL",1
1947-01-01,"ECU","SAL",1
1947-01-01,"PER","SAL",1
1947-01-01,"BRA","SAL",1
1947-01-01,"BOL","SAL",1
1947-01-01,"PAR","SAL",1
1947-01-01,"CHL","SAL",1
1947-01-01,"ARG","SAL",1
1947-01-01,"COS","NIC",1
1947-01-01,"PAN","NIC",1
1947-01-01,"COL","NIC",1
1947-01-01,"VEN","NIC",1
1947-01-01,"ECU","NIC",1
1947-01-01,"PER","NIC",1
1947-01-01,"BRA","NIC",1
1947-01-01,"BOL","NIC",1
1947-01-01,"PAR","NIC",1
1947-01-01,"CHL","NIC",1
1947-01-01,"ARG","NIC",1
1947-01-01,"PAN","COS",1
1947-01-01,"COL","COS",1
1947-01-01,"VEN","COS",1
1947-01-01,"ECU","COS",1
1947-01-01,"PER","COS",1
1947-01-01,"BRA","COS",1
1947-01-01,"BOL","COS",1
1947-01-01,"PAR","COS",1
1947-01-01,"CHL","COS",1
1947-01-01,"ARG","COS",1
1947-01-01,"COL","PAN",1
1947-01-01,"VEN","PAN",1
1947-01-01,"ECU","PAN",1
1947-01-01,"PER","PAN",1
1947-01-01,"BRA","PAN",1
1947-01-01,"BOL","PAN",1
1947-01-01,"PAR","PAN",1
1947-01-01,"CHL","PAN",1
1947-01-01,"ARG","PAN",1
1947-01-01,"VEN","COL",1
1947-01-01,"ECU","COL",1
1947-01-01,"PER","COL",1
1947-01-01,"BRA","COL",1
1947-01-01,"BOL","COL",1
1947-01-01,"PAR","COL",1
1947-01-01,"CHL","COL",1
1947-01-01,"ARG","COL",1
1947-01-01,"ECU","VEN",1
1947-01-01,"PER","VEN",1
1947-01-01,"BRA","VEN",1
1947-01-01,"BOL","VEN",1
1947-01-01,"PAR","VEN",1
1947-01-01,"CHL","VEN",1
1947-01-01,"ARG","VEN",1
1947-01-01,"PER","ECU",1
1947-01-01,"BRA","ECU",1
1947-01-01,"BOL","ECU",1
1947-01-01,"PAR","ECU",1
1947-01-01,"CHL","ECU",1
1947-01-01,"ARG","ECU",1
1947-01-01,"BRA","PER",1
1947-01-01,"BOL","PER",1
1947-01-01,"PAR","PER",1
1947-01-01,"CHL","PER",1
1947-01-01,"ARG","PER",1
1947-01-01,"BOL","BRA",1
1947-01-01,"PAR","BRA",1
1947-01-01,"CHL","BRA",1
1947-01-01,"ARG","BRA",1
1947-01-01,"PAR","BOL",1
1947-01-01,"CHL","BOL",1
1947-01-01,"ARG","BOL",1
1947-01-01,"CHL","PAR",1
1947-01-01,"ARG","PAR",1
1947-01-01,"ARG","CHL",1
1947-01-01,"YUG","HUN",1
1947-01-01,"BUL","ALB",1
1947-01-01,"ROM","YUG",1
1970-01-01,"ROM","BUL",1
1948-01-01,"ROM","HUN",1
1948-01-01,"RUS","ROM",1
1948-01-01,"RUS","HUN",1
1948-01-01,"NTH","UKG",1
1948-01-01,"BEL","UKG",1
1948-01-01,"LUX","UKG",1
1948-01-01,"FRN","UKG",1
1988-01-01,"SPN","UKG",1
1988-01-01,"POR","UKG",1
1955-01-01,"GFR","UKG",1
1954-01-01,"ITA","UKG",1
1992-01-01,"GRC","UKG",1
1948-01-01,"BEL","NTH",1
1948-01-01,"LUX","NTH",1
1948-01-01,"FRN","NTH",1
1988-01-01,"SPN","NTH",1
1988-01-01,"POR","NTH",1
1955-01-01,"GFR","NTH",1
1954-01-01,"ITA","NTH",1
1992-01-01,"GRC","NTH",1
1948-01-01,"LUX","BEL",1
1948-01-01,"FRN","BEL",1
1988-01-01,"SPN","BEL",1
1988-01-01,"POR","BEL",1
1955-01-01,"GFR","BEL",1
1954-01-01,"ITA","BEL",1
1992-01-01,"GRC","BEL",1
1948-01-01,"FRN","LUX",1
1988-01-01,"SPN","LUX",1
1988-01-01,"POR","LUX",1
1955-01-01,"GFR","LUX",1
1954-01-01,"ITA","LUX",1
1992-01-01,"GRC","LUX",1
1988-01-01,"SPN","FRN",1
1988-01-01,"POR","FRN",1
1955-01-01,"GFR","FRN",1
1954-01-01,"ITA","FRN",1
1992-01-01,"GRC","FRN",1
1988-01-01,"POR","SPN",1
1988-01-01,"GFR","SPN",1
1988-01-01,"ITA","SPN",1
1992-01-01,"GRC","SPN",1
1988-01-01,"GFR","POR",1
1988-01-01,"ITA","POR",1
1992-01-01,"GRC","POR",1
1955-01-01,"ITA","GFR",1
1992-01-01,"GRC","GFR",1
1992-01-01,"GRC","ITA",1
1948-01-01,"RUS","BUL",1
1948-01-01,"FIN","RUS",1
1968-01-01,"BUL","CZE",1
1948-01-01,"BUL","POL",1
1948-01-01,"HUN","POL",1
1948-01-01,"BUL","HUN",1
1948-01-01,"ROM","CZE",1
1949-01-01,"ROM","POL",1
1949-01-01,"CAN","USA",1
1949-01-01,"UKG","USA",1
1949-01-01,"NTH","USA",1
1949-01-01,"BEL","USA",1
1949-01-01,"LUX","USA",1
1949-01-01,"FRN","USA",1
1981-01-01,"SPN","USA",1
1949-01-01,"POR","USA",1
1990-01-01,"GMY","USA",1
1954-01-01,"GFR","USA",1
1999-01-01,"POL","USA",1
1999-01-01,"HUN","USA",1
1949-01-01,"ITA","USA",1
1951-01-01,"GRC","USA",1
1949-01-01,"NOR","USA",1
1949-01-01,"DEN","USA",1
1951-01-01,"TUR","USA",1
1949-01-01,"UKG","CAN",1
1949-01-01,"NTH","CAN",1
1949-01-01,"BEL","CAN",1
1949-01-01,"LUX","CAN",1
1949-01-01,"FRN","CAN",1
1981-01-01,"SPN","CAN",1
1949-01-01,"POR","CAN",1
1990-01-01,"GMY","CAN",1
1954-01-01,"GFR","CAN",1
1999-01-01,"POL","CAN",1
1999-01-01,"HUN","CAN",1
1949-01-01,"ITA","CAN",1
1951-01-01,"GRC","CAN",1
1949-01-01,"NOR","CAN",1
1949-01-01,"DEN","CAN",1
1951-01-01,"TUR","CAN",1
1949-01-01,"NTH","UKG",1
1949-01-01,"BEL","UKG",1
1949-01-01,"LUX","UKG",1
1949-01-01,"FRN","UKG",1
1981-01-01,"SPN","UKG",1
1949-01-01,"POR","UKG",1
1990-01-01,"GMY","UKG",1
1954-01-01,"GFR","UKG",1
1999-01-01,"POL","UKG",1
1999-01-01,"HUN","UKG",1
1949-01-01,"ITA","UKG",1
1951-01-01,"GRC","UKG",1
1949-01-01,"NOR","UKG",1
1949-01-01,"DEN","UKG",1
1951-01-01,"TUR","UKG",1
1949-01-01,"BEL","NTH",1
1949-01-01,"LUX","NTH",1
1949-01-01,"FRN","NTH",1
1981-01-01,"SPN","NTH",1
1949-01-01,"POR","NTH",1
1990-01-01,"GMY","NTH",1
1954-01-01,"GFR","NTH",1
1999-01-01,"POL","NTH",1
1999-01-01,"HUN","NTH",1
1949-01-01,"ITA","NTH",1
1951-01-01,"GRC","NTH",1
1949-01-01,"NOR","NTH",1
1949-01-01,"DEN","NTH",1
1951-01-01,"TUR","NTH",1
1949-01-01,"LUX","BEL",1
1949-01-01,"FRN","BEL",1
1981-01-01,"SPN","BEL",1
1949-01-01,"POR","BEL",1
1990-01-01,"GMY","BEL",1
1954-01-01,"GFR","BEL",1
1999-01-01,"POL","BEL",1
1999-01-01,"HUN","BEL",1
1949-01-01,"ITA","BEL",1
1951-01-01,"GRC","BEL",1
1949-01-01,"NOR","BEL",1
1949-01-01,"DEN","BEL",1
1951-01-01,"TUR","BEL",1
1949-01-01,"FRN","LUX",1
1981-01-01,"SPN","LUX",1
1949-01-01,"POR","LUX",1
1990-01-01,"GMY","LUX",1
1954-01-01,"GFR","LUX",1
1999-01-01,"POL","LUX",1
1999-01-01,"HUN","LUX",1
1949-01-01,"ITA","LUX",1
1951-01-01,"GRC","LUX",1
1949-01-01,"NOR","LUX",1
1949-01-01,"DEN","LUX",1
1951-01-01,"TUR","LUX",1
1981-01-01,"SPN","FRN",1
1949-01-01,"POR","FRN",1
1990-01-01,"GMY","FRN",1
1954-01-01,"GFR","FRN",1
1999-01-01,"POL","FRN",1
1999-01-01,"HUN","FRN",1
1949-01-01,"ITA","FRN",1
1951-01-01,"GRC","FRN",1
1949-01-01,"NOR","FRN",1
1949-01-01,"DEN","FRN",1
1951-01-01,"TUR","FRN",1
1981-01-01,"POR","SPN",1
1990-01-01,"GMY","SPN",1
1981-01-01,"GFR","SPN",1
1999-01-01,"POL","SPN",1
1999-01-01,"HUN","SPN",1
1981-01-01,"ITA","SPN",1
1981-01-01,"GRC","SPN",1
1981-01-01,"NOR","SPN",1
1981-01-01,"DEN","SPN",1
1981-01-01,"TUR","SPN",1
1990-01-01,"GMY","POR",1
1954-01-01,"GFR","POR",1
1999-01-01,"POL","POR",1
1999-01-01,"HUN","POR",1
1949-01-01,"ITA","POR",1
1951-01-01,"GRC","POR",1
1949-01-01,"NOR","POR",1
1949-01-01,"DEN","POR",1
1951-01-01,"TUR","POR",1
1990-01-01,"GFR","GMY",1
1999-01-01,"POL","GMY",1
1999-01-01,"HUN","GMY",1
1990-01-01,"ITA","GMY",1
1990-01-01,"GRC","GMY",1
1990-01-01,"NOR","GMY",1
1990-01-01,"DEN","GMY",1
1990-01-01,"TUR","GMY",1
1954-01-01,"ITA","GFR",1
1954-01-01,"GRC","GFR",1
1954-01-01,"NOR","GFR",1
1954-01-01,"DEN","GFR",1
1954-01-01,"TUR","GFR",1
1999-01-01,"HUN","POL",1
1999-01-01,"ITA","POL",1
1999-01-01,"GRC","POL",1
1999-01-01,"NOR","POL",1
1999-01-01,"DEN","POL",1
1999-01-01,"TUR","POL",1
1999-01-01,"ITA","HUN",1
1999-01-01,"GRC","HUN",1
1999-01-01,"NOR","HUN",1
1999-01-01,"DEN","HUN",1
1999-01-01,"TUR","HUN",1
1951-01-01,"GRC","ITA",1
1949-01-01,"NOR","ITA",1
1949-01-01,"DEN","ITA",1
1951-01-01,"TUR","ITA",1
1951-01-01,"NOR","GRC",1
1951-01-01,"DEN","GRC",1
1951-01-01,"TUR","GRC",1
1949-01-01,"DEN","NOR",1
1951-01-01,"TUR","NOR",1
1951-01-01,"TUR","DEN",1
1949-01-01,"CZE","HUN",1
1950-01-01,"CHN","RUS",1
1974-01-01,"MOR","SOM",1
1974-01-01,"ALG","SOM",1
1974-01-01,"TUN","SOM",1
1974-01-01,"LIB","SOM",1
1974-01-01,"SUD","SOM",1
1974-01-01,"IRQ","SOM",1
1974-01-01,"EGY","SOM",1
1989-01-01,"EGY","SOM",1
1974-01-01,"SYR","SOM",1
1974-01-01,"LEB","SOM",1
1974-01-01,"JOR","SOM",1
1974-01-01,"SAU","SOM",1
1974-01-01,"YAR","SOM",1
1974-01-01,"YPR","SOM",1
1974-01-01,"KUW","SOM",1
1974-01-01,"QAT","SOM",1
1974-01-01,"UAE","SOM",1
1964-01-01,"ALG","MOR",1
1961-01-01,"TUN","MOR",1
1964-01-01,"LIB","MOR",1
1964-01-01,"SUD","MOR",1
1961-01-01,"IRQ","MOR",1
1961-01-01,"EGY","MOR",1
1989-01-01,"EGY","MOR",1
1961-01-01,"SYR","MOR",1
1961-01-01,"LEB","MOR",1
1961-01-01,"JOR","MOR",1
1961-01-01,"SAU","MOR",1
1961-01-01,"YAR","MOR",1
1971-01-01,"YPR","MOR",1
1961-01-01,"KUW","MOR",1
1971-01-01,"QAT","MOR",1
1961-01-01,"UAE","MOR",1
1964-01-01,"TUN","ALG",1
1964-01-01,"LIB","ALG",1
1964-01-01,"SUD","ALG",1
1964-01-01,"IRQ","ALG",1
1964-01-01,"EGY","ALG",1
1989-01-01,"EGY","ALG",1
1964-01-01,"SYR","ALG",1
1964-01-01,"LEB","ALG",1
1964-01-01,"JOR","ALG",1
1964-01-01,"SAU","ALG",1
1964-01-01,"YAR","ALG",1
1971-01-01,"YPR","ALG",1
1964-01-01,"KUW","ALG",1
1971-01-01,"QAT","ALG",1
1964-01-01,"UAE","ALG",1
1964-01-01,"LIB","TUN",1
1964-01-01,"SUD","TUN",1
1953-01-01,"IRQ","TUN",1
1953-01-01,"EGY","TUN",1
1989-01-01,"EGY","TUN",1
1953-01-01,"SYR","TUN",1
1961-01-01,"SYR","TUN",1
1953-01-01,"LEB","TUN",1
1953-01-01,"JOR","TUN",1
1953-01-01,"SAU","TUN",1
1953-01-01,"YAR","TUN",1
1971-01-01,"YPR","TUN",1
1961-01-01,"KUW","TUN",1
1971-01-01,"QAT","TUN",1
1953-01-01,"UAE","TUN",1
1964-01-01,"SUD","LIB",1
1964-01-01,"IRQ","LIB",1
1964-01-01,"EGY","LIB",1
1989-01-01,"EGY","LIB",1
1964-01-01,"SYR","LIB",1
1964-01-01,"LEB","LIB",1
1964-01-01,"JOR","LIB",1
1964-01-01,"SAU","LIB",1
1964-01-01,"YAR","LIB",1
1971-01-01,"YPR","LIB",1
1964-01-01,"KUW","LIB",1
1971-01-01,"QAT","LIB",1
1964-01-01,"UAE","LIB",1
1964-01-01,"IRQ","SUD",1
1964-01-01,"EGY","SUD",1
1989-01-01,"EGY","SUD",1
1964-01-01,"SYR","SUD",1
1964-01-01,"LEB","SUD",1
1964-01-01,"JOR","SUD",1
1964-01-01,"SAU","SUD",1
1964-01-01,"YAR","SUD",1
1971-01-01,"YPR","SUD",1
1964-01-01,"KUW","SUD",1
1971-01-01,"QAT","SUD",1
1964-01-01,"UAE","SUD",1
1952-01-01,"EGY","IRQ",1
1989-01-01,"EGY","IRQ",1
1952-01-01,"SYR","IRQ",1
1961-01-01,"SYR","IRQ",1
1952-01-01,"LEB","IRQ",1
1952-01-01,"JOR","IRQ",1
1952-01-01,"SAU","IRQ",1
1952-01-01,"YAR","IRQ",1
1971-01-01,"YPR","IRQ",1
1961-01-01,"KUW","IRQ",1
1971-01-01,"QAT","IRQ",1
1953-01-01,"UAE","IRQ",1
1950-01-01,"SYR","EGY",1
1961-01-01,"SYR","EGY",1
1989-01-01,"SYR","EGY",1
1950-01-01,"LEB","EGY",1
1989-01-01,"LEB","EGY",1
1952-01-01,"JOR","EGY",1
1989-01-01,"JOR","EGY",1
1950-01-01,"SAU","EGY",1
1989-01-01,"SAU","EGY",1
1950-01-01,"YAR","EGY",1
1989-01-01,"YAR","EGY",1
1971-01-01,"YPR","EGY",1
1989-01-01,"YPR","EGY",1
1961-01-01,"KUW","EGY",1
1989-01-01,"KUW","EGY",1
1971-01-01,"QAT","EGY",1
1989-01-01,"QAT","EGY",1
1953-01-01,"UAE","EGY",1
1989-01-01,"UAE","EGY",1
1950-01-01,"LEB","SYR",1
1961-01-01,"LEB","SYR",1
1952-01-01,"JOR","SYR",1
1961-01-01,"JOR","SYR",1
1950-01-01,"SAU","SYR",1
1961-01-01,"SAU","SYR",1
1950-01-01,"YAR","SYR",1
1961-01-01,"YAR","SYR",1
1971-01-01,"YPR","SYR",1
1961-01-01,"KUW","SYR",1
1971-01-01,"QAT","SYR",1
1953-01-01,"UAE","SYR",1
1961-01-01,"UAE","SYR",1
1952-01-01,"JOR","LEB",1
1950-01-01,"SAU","LEB",1
1950-01-01,"YAR","LEB",1
1971-01-01,"YPR","LEB",1
1961-01-01,"KUW","LEB",1
1971-01-01,"QAT","LEB",1
1953-01-01,"UAE","LEB",1
1952-01-01,"SAU","JOR",1
1952-01-01,"YAR","JOR",1
1971-01-01,"YPR","JOR",1
1961-01-01,"KUW","JOR",1
1971-01-01,"QAT","JOR",1
1953-01-01,"UAE","JOR",1
1950-01-01,"YAR","SAU",1
1971-01-01,"YPR","SAU",1
1961-01-01,"KUW","SAU",1
1971-01-01,"QAT","SAU",1
1953-01-01,"UAE","SAU",1
1971-01-01,"YPR","YAR",1
1961-01-01,"KUW","YAR",1
1971-01-01,"QAT","YAR",1
1953-01-01,"UAE","YAR",1
1971-01-01,"KUW","YPR",1
1971-01-01,"QAT","YPR",1
1971-01-01,"UAE","YPR",1
1971-01-01,"QAT","KUW",1
1961-01-01,"UAE","KUW",1
1971-01-01,"UAE","QAT",1
1951-01-01,"PHI","USA",1
1951-01-01,"AUL","USA",1
1951-01-01,"NEW","USA",1
1951-01-01,"NEW","AUL",1
1951-01-01,"JPN","USA",1
1954-01-01,"GRC","YUG",1
1954-01-01,"TUR","YUG",1
1954-01-01,"TUR","GRC",1
1953-01-01,"LIB","UKG",1
1953-01-01,"ROK","USA",1
1954-01-01,"TAW","USA",1
1955-01-01,"IRQ","UKG",1
1955-01-01,"POL","GDR",1
1955-01-01,"HUN","GDR",1
1955-01-01,"CZE","GDR",1
1955-01-01,"ALB","GDR",1
1955-01-01,"BUL","GDR",1
1955-01-01,"ROM","GDR",1
1955-01-01,"RUS","GDR",1
1955-01-01,"HUN","POL",1
1955-01-01,"CZE","POL",1
1955-01-01,"ALB","POL",1
1955-01-01,"BUL","POL",1
1955-01-01,"ROM","POL",1
1955-01-01,"RUS","POL",1
1955-01-01,"CZE","HUN",1
1955-01-01,"ALB","HUN",1
1955-01-01,"BUL","HUN",1
1955-01-01,"ROM","HUN",1
1955-01-01,"RUS","HUN",1
1955-01-01,"ALB","CZE",1
1955-01-01,"BUL","CZE",1
1955-01-01,"ROM","CZE",1
1955-01-01,"RUS","CZE",1
1955-01-01,"BUL","ALB",1
1955-01-01,"ROM","ALB",1
1955-01-01,"RUS","ALB",1
1955-01-01,"ROM","BUL",1
1955-01-01,"RUS","BUL",1
1955-01-01,"RUS","ROM",1
1955-01-01,"SYR","EGY",1
1956-01-01,"JOR","EGY",1
1956-01-01,"JOR","SYR",1
1955-01-01,"SAU","EGY",1
1956-01-01,"SAU","EGY",1
1956-01-01,"YAR","EGY",1
1956-01-01,"YAR","SAU",1
1957-01-01,"LIB","TUN",1
1957-01-01,"MAL","UKG",1
1958-01-01,"CAN","USA",1
1959-01-01,"PAK","USA",1
1959-01-01,"TUR","USA",1
1960-01-01,"CEN","FRN",1
1960-01-01,"CHA","FRN",1
1960-01-01,"CON","FRN",1
1960-01-01,"CHA","CEN",1
1960-01-01,"CON","CEN",1
1960-01-01,"CON","CHA",1
1960-01-01,"TUR","GRC",1
1961-01-01,"GHA","GUI",1
1961-01-01,"PRK","RUS",1
1961-01-01,"PRK","CHN",1
1961-01-01,"CEN","SEN",1
1961-01-01,"CHA","SEN",1
1961-01-01,"CON","SEN",1
1963-01-01,"RWA","SEN",1
1961-01-01,"CHA","CEN",1
1961-01-01,"CON","CEN",1
1963-01-01,"RWA","CEN",1
1961-01-01,"CON","CHA",1
1963-01-01,"RWA","CHA",1
1963-01-01,"RWA","CON",1
1962-01-01,"YAR","EGY",1
1963-01-01,"ETH","KEN",1
1963-01-01,"HON","GUA",1
1963-01-01,"SAL","GUA",1
1963-01-01,"NIC","GUA",1
1963-01-01,"COS","GUA",1
1963-01-01,"PAN","GUA",1
1963-01-01,"SAL","HON",1
1963-01-01,"NIC","HON",1
1963-01-01,"COS","HON",1
1963-01-01,"PAN","HON",1
1963-01-01,"NIC","SAL",1
1963-01-01,"COS","SAL",1
1963-01-01,"PAN","SAL",1
1963-01-01,"COS","NIC",1
1963-01-01,"PAN","NIC",1
1963-01-01,"PAN","COS",1
1964-01-01,"RUS","GDR",1
1966-01-01,"RWA","DRC",1
1966-01-01,"SYR","EGY",1
1967-01-01,"POL","GDR",1
1967-01-01,"CZE","GDR",1
1967-01-01,"HUN","GDR",1
1967-01-01,"EGY","IRQ",1
1967-01-01,"JOR","IRQ",1
1967-01-01,"JOR","EGY",1
1967-01-01,"BUL","GDR",1
1968-01-01,"CHA","CEN",1
1968-01-01,"CON","CEN",1
1968-01-01,"CON","CHA",1
1972-01-01,"ROM","GDR",1
1972-01-01,"SUD","UGA",1
1975-01-01,"LIB","ALG",1
1976-01-01,"EGY","SUD",1
1980-01-01,"SYR","LIB",1
1981-01-01,"GUI","SEN",1
1981-01-01,"LBR","SEN",1
1981-01-01,"SIE","SEN",1
1981-01-01,"GHA","SEN",1
1981-01-01,"NIG","SEN",1
1981-01-01,"LBR","GUI",1
1981-01-01,"SIE","GUI",1
1981-01-01,"GHA","GUI",1
1981-01-01,"NIG","GUI",1
1981-01-01,"SIE","LBR",1
1981-01-01,"GHA","LBR",1
1981-01-01,"NIG","LBR",1
1981-01-01,"GHA","SIE",1
1981-01-01,"NIG","SIE",1
1981-01-01,"NIG","GHA",1
1981-01-01,"LIB","ETH",1
1981-01-01,"YPR","ETH",1
1981-01-01,"YPR","LIB",1
1989-01-01,"ALG","MOR",1
1989-01-01,"TUN","MOR",1
1989-01-01,"LIB","MOR",1
1989-01-01,"TUN","ALG",1
1989-01-01,"LIB","ALG",1
1989-01-01,"LIB","TUN",1
1995-01-01,"TAJ","RUS",1
1995-01-01,"KYR","RUS",1
1995-01-01,"UZB","RUS",1
1995-01-01,"KYR","TAJ",1
1995-01-01,"UZB","TAJ",1
1995-01-01,"UZB","KYR",1
1992-01-01,"TAJ","RUS",1
1992-01-01,"KYR","RUS",1
1992-01-01,"UZB","RUS",1
1992-01-01,"KYR","TAJ",1
1992-01-01,"UZB","TAJ",1
1992-01-01,"UZB","KYR",1
1993-01-01,"TAJ","RUS",1
1998-01-01,"CON","CEN",1
1999-01-01,"ANG","CON",1
1999-01-01,"ZIM","CON",1
1999-01-01,"ZIM","ANG",1
2000-01-01,"CHA","CEN",1
2000-01-01,"CON","CEN",1
2000-01-01,"DRC","CEN",1
2000-01-01,"RWA","CEN",1
2000-01-01,"ANG","CEN",1
2000-01-01,"CON","CHA",1
2000-01-01,"DRC","CHA",1
2000-01-01,"RWA","CHA",1
2000-01-01,"ANG","CHA",1
2000-01-01,"DRC","CON",1
2000-01-01,"RWA","CON",1
2000-01-01,"ANG","CON",1
2000-01-01,"RWA","DRC",1
2000-01-01,"ANG","DRC",1
2000-01-01,"ANG","RWA",1
2000-01-01,"KUW","SAU",1
2000-01-01,"QAT","SAU",1
2000-01-01,"UAE","SAU",1
2000-01-01,"QAT","KUW",1
2000-01-01,"UAE","KUW",1
2000-01-01,"UAE","QAT",1
2005-01-01,"UZB","RUS",1
2006-01-01,"CON","CEN",1
2006-01-01,"DRC","CEN",1
2006-01-01,"UGA","CEN",1
2006-01-01,"KEN","CEN",1
2006-01-01,"TAZ","CEN",1
2006-01-01,"RWA","CEN",1
2006-01-01,"ANG","CEN",1
2006-01-01,"ZAM","CEN",1
2006-01-01,"SUD","CEN",1
2006-01-01,"DRC","CON",1
2006-01-01,"UGA","CON",1
2006-01-01,"KEN","CON",1
2006-01-01,"TAZ","CON",1
2006-01-01,"RWA","CON",1
2006-01-01,"ANG","CON",1
2006-01-01,"ZAM","CON",1
2006-01-01,"SUD","CON",1
2006-01-01,"UGA","DRC",1
2006-01-01,"KEN","DRC",1
2006-01-01,"TAZ","DRC",1
2006-01-01,"RWA","DRC",1
2006-01-01,"ANG","DRC",1
2006-01-01,"ZAM","DRC",1
2006-01-01,"SUD","DRC",1
2006-01-01,"KEN","UGA",1
2006-01-01,"TAZ","UGA",1
2006-01-01,"RWA","UGA",1
2006-01-01,"ANG","UGA",1
2006-01-01,"ZAM","UGA",1
2006-01-01,"SUD","UGA",1
2006-01-01,"TAZ","KEN",1
2006-01-01,"RWA","KEN",1
2006-01-01,"ANG","KEN",1
2006-01-01,"ZAM","KEN",1
2006-01-01,"SUD","KEN",1
2006-01-01,"RWA","TAZ",1
2006-01-01,"ANG","TAZ",1
2006-01-01,"ZAM","TAZ",1
2006-01-01,"SUD","TAZ",1
2006-01-01,"ANG","RWA",1
2006-01-01,"ZAM","RWA",1
2006-01-01,"SUD","RWA",1
2006-01-01,"ZAM","ANG",1
2006-01-01,"SUD","ANG",1
2006-01-01,"SUD","ZAM",1
1849-01-01,"AUH","GMY",0
1867-01-01,"AUH","GMY",0
1823-01-01,"GMY","UKG",0
1823-01-01,"AUH","UKG",0
1823-01-01,"RUS","UKG",0
1823-01-01,"AUH","GMY",0
1823-01-01,"RUS","GMY",0
1823-01-01,"RUS","AUH",0
1821-01-01,"SPN","NTH",0
1849-01-01,"ITA","AUH",0
1834-01-01,"FRN","UKG",0
1840-01-01,"AUH","GMY",0
1840-01-01,"RUS","GMY",0
1840-01-01,"RUS","AUH",0
1842-01-01,"TUR","RUS",0
1854-01-01,"RUS","AUH",0
1849-01-01,"RUS","GMY",0
1849-01-01,"RUS","AUH",0
1840-01-01,"FRN","UKG",0
1840-01-01,"SPN","UKG",0
1840-01-01,"POR","UKG",0
1840-01-01,"POR","SPN",0
1841-01-01,"GMY","UKG",0
1841-01-01,"AUH","UKG",0
1841-01-01,"RUS","UKG",0
1841-01-01,"TUR","UKG",0
1841-01-01,"AUH","GMY",0
1841-01-01,"RUS","GMY",0
1841-01-01,"TUR","GMY",0
1841-01-01,"RUS","AUH",0
1841-01-01,"TUR","AUH",0
1841-01-01,"TUR","RUS",0
1848-01-01,"FRN","UKG",0
1848-01-01,"SPN","UKG",0
1848-01-01,"POR","UKG",0
1848-01-01,"SPN","FRN",0
1848-01-01,"POR","FRN",0
1848-01-01,"POR","SPN",0
1855-01-01,"AUH","GMY",0
1857-01-01,"FRN","UKG",0
1857-01-01,"ITA","UKG",0
1857-01-01,"TUR","UKG",0
1857-01-01,"ITA","FRN",0
1857-01-01,"TUR","FRN",0
1857-01-01,"TUR","ITA",0
1857-01-01,"AUH","GMY",0
1857-01-01,"TUR","AUH",0
1857-01-01,"AUH","UKG",0
1857-01-01,"AUH","FRN",0
1878-01-01,"FRN","UKG",0
1878-01-01,"AUH","UKG",0
1878-01-01,"AUH","FRN",0
1865-01-01,"ARG","BRA",0
1860-01-01,"ITA","FRN",0
1861-01-01,"PER","ECU",0
1864-01-01,"RUS","GMY",0
1874-01-01,"BOL","PER",0
1867-01-01,"ECU","COL",0
1883-01-01,"ARG","BRA",0
1872-01-01,"PER","ECU",0
1872-01-01,"BOL","ECU",0
1872-01-01,"CHL","ECU",0
1872-01-01,"BOL","PER",0
1872-01-01,"CHL","PER",0
1872-01-01,"CHL","BOL",0
1867-01-01,"ITA","GMY",0
1884-01-01,"BOL","PER",0
1879-01-01,"RUS","GMY",0
1881-01-01,"TUR","UKG",0
1919-01-01,"AUH","GMY",0
1916-01-01,"ITA","GMY",0
1916-01-01,"ITA","AUH",0
1917-01-01,"ROM","GMY",0
1917-01-01,"ROM","AUH",0
1918-01-01,"RUS","FRN",0
1901-01-01,"CHN","RUS",0
1922-01-01,"JPN","UKG",0
1910-01-01,"BUL","YUG",0
1906-01-01,"RUS","GMY",0
1914-01-01,"BUL","YUG",0
1914-01-01,"BUL","GRC",0
1919-01-01,"GRC","YUG",0
1919-01-01,"TUR","GMY",0
1919-01-01,"TUR","BUL",0
1919-01-01,"BUL","AUH",0
1919-01-01,"BUL","GMY",0
1919-01-01,"FRN","UKG",0
1919-01-01,"ITA","UKG",0
1918-01-01,"RUS","UKG",0
1919-01-01,"ITA","FRN",0
1918-01-01,"RUS","ITA",0
1918-01-01,"JPN","RUS",0
1919-01-01,"ROM","UKG",0
1919-01-01,"ROM","FRN",0
1919-01-01,"ROM","ITA",0
1931-01-01,"YUG","CZE",0
1937-01-01,"FRN","BEL",0
1940-01-01,"POL","FRN",0
1942-01-01,"IRN","RUS",0
1929-01-01,"AFG","TUR",0
1940-01-01,"ROM","POL",0
1940-01-01,"ROM","CZE",0
1941-01-01,"ROM","YUG",0
1937-01-01,"BEL","UKG",0
1937-01-01,"FRN","UKG",0
1937-01-01,"GMY","UKG",0
1937-01-01,"ITA","UKG",0
1937-01-01,"GMY","BEL",0
1937-01-01,"ITA","BEL",0
1937-01-01,"GMY","FRN",0
1937-01-01,"ITA","FRN",0
1937-01-01,"ITA","GMY",0
1939-01-01,"CZE","FRN",0
1940-01-01,"ALB","ITA",0
1956-01-01,"IRQ","UKG",0
1941-01-01,"GRC","YUG",0
1941-01-01,"TUR","YUG",0
1941-01-01,"ROM","GRC",0
1941-01-01,"TUR","GRC",0
1941-01-01,"TUR","ROM",0
1940-01-01,"RUS","FRN",0
1940-01-01,"RUS","CZE",0
1990-01-01,"RUS","CZE",0
1952-01-01,"EGY","UKG",0
1940-01-01,"FRN","UKG",0
1940-01-01,"YUG","UKG",0
1940-01-01,"GRC","UKG",0
1940-01-01,"BUL","UKG",0
1940-01-01,"ROM","UKG",0
1940-01-01,"RUS","UKG",0
1940-01-01,"TUR","UKG",0
1940-01-01,"EGY","UKG",0
1940-01-01,"YUG","FRN",0
1940-01-01,"GRC","FRN",0
1940-01-01,"BUL","FRN",0
1940-01-01,"ROM","FRN",0
1940-01-01,"TUR","FRN",0
1940-01-01,"EGY","FRN",0
1940-01-01,"GRC","YUG",0
1940-01-01,"BUL","YUG",0
1940-01-01,"ROM","YUG",0
1940-01-01,"RUS","YUG",0
1940-01-01,"TUR","YUG",0
1940-01-01,"EGY","YUG",0
1940-01-01,"BUL","GRC",0
1940-01-01,"ROM","GRC",0
1940-01-01,"RUS","GRC",0
1940-01-01,"TUR","GRC",0
1940-01-01,"EGY","GRC",0
1940-01-01,"ROM","BUL",0
1940-01-01,"RUS","BUL",0
1940-01-01,"TUR","BUL",0
1940-01-01,"EGY","BUL",0
1940-01-01,"RUS","ROM",0
1940-01-01,"TUR","ROM",0
1940-01-01,"EGY","ROM",0
1940-01-01,"TUR","RUS",0
1940-01-01,"EGY","RUS",0
1940-01-01,"EGY","TUR",0
1940-01-01,"POL","UKG",0
1944-01-01,"ITA","GMY",0
1941-01-01,"EST","RUS",0
1941-01-01,"LIT","RUS",0
1941-01-01,"FRN","UKG",0
1946-01-01,"TUR","UKG",0
1941-01-01,"TUR","FRN",0
1942-01-01,"HUN","GMY",0
1942-01-01,"ITA","GMY",0
1942-01-01,"BUL","GMY",0
1942-01-01,"ROM","GMY",0
1942-01-01,"JPN","GMY",0
1942-01-01,"ITA","HUN",0
1942-01-01,"BUL","HUN",0
1942-01-01,"ROM","HUN",0
1942-01-01,"JPN","HUN",0
1942-01-01,"BUL","ITA",0
1942-01-01,"ROM","ITA",0
1942-01-01,"JPN","ITA",0
1942-01-01,"ROM","BUL",0
1942-01-01,"JPN","BUL",0
1942-01-01,"JPN","ROM",0
1956-01-01,"RUS","UKG",0
1946-01-01,"THI","JPN",0
1947-01-01,"RUS","UKG",0
1947-01-01,"IRN","UKG",0
1947-01-01,"IRN","RUS",0
1952-01-01,"NEW","AUL",0
1956-01-01,"RUS","FRN",0
1948-01-01,"CUB","USA",0
1948-01-01,"HAI","USA",0
1948-01-01,"DOM","USA",0
1948-01-01,"MEX","USA",0
1948-01-01,"GUA","USA",0
1948-01-01,"HON","USA",0
1948-01-01,"NIC","USA",0
1948-01-01,"COS","USA",0
1948-01-01,"PAN","USA",0
1948-01-01,"COL","USA",0
1948-01-01,"VEN","USA",0
1948-01-01,"ECU","USA",0
1948-01-01,"PER","USA",0
1948-01-01,"BRA","USA",0
1948-01-01,"BOL","USA",0
1948-01-01,"PAR","USA",0
1948-01-01,"CHL","USA",0
1948-01-01,"ARG","USA",0
1948-01-01,"HAI","CUB",0
1948-01-01,"DOM","CUB",0
1948-01-01,"MEX","CUB",0
1948-01-01,"GUA","CUB",0
1948-01-01,"HON","CUB",0
1948-01-01,"NIC","CUB",0
1948-01-01,"COS","CUB",0
1948-01-01,"PAN","CUB",0
1948-01-01,"COL","CUB",0
1948-01-01,"VEN","CUB",0
1948-01-01,"ECU","CUB",0
1948-01-01,"PER","CUB",0
1948-01-01,"BRA","CUB",0
1948-01-01,"BOL","CUB",0
1948-01-01,"PAR","CUB",0
1948-01-01,"CHL","CUB",0
1948-01-01,"ARG","CUB",0
1948-01-01,"DOM","HAI",0
1948-01-01,"MEX","HAI",0
1948-01-01,"GUA","HAI",0
1948-01-01,"HON","HAI",0
1948-01-01,"NIC","HAI",0
1948-01-01,"COS","HAI",0
1948-01-01,"PAN","HAI",0
1948-01-01,"COL","HAI",0
1948-01-01,"VEN","HAI",0
1948-01-01,"ECU","HAI",0
1948-01-01,"PER","HAI",0
1948-01-01,"BRA","HAI",0
1948-01-01,"BOL","HAI",0
1948-01-01,"PAR","HAI",0
1948-01-01,"CHL","HAI",0
1948-01-01,"ARG","HAI",0
1948-01-01,"MEX","DOM",0
1948-01-01,"GUA","DOM",0
1948-01-01,"HON","DOM",0
1948-01-01,"NIC","DOM",0
1948-01-01,"COS","DOM",0
1948-01-01,"PAN","DOM",0
1948-01-01,"COL","DOM",0
1948-01-01,"VEN","DOM",0
1948-01-01,"ECU","DOM",0
1948-01-01,"PER","DOM",0
1948-01-01,"BRA","DOM",0
1948-01-01,"BOL","DOM",0
1948-01-01,"PAR","DOM",0
1948-01-01,"CHL","DOM",0
1948-01-01,"ARG","DOM",0
1948-01-01,"GUA","MEX",0
1948-01-01,"HON","MEX",0
1948-01-01,"NIC","MEX",0
1948-01-01,"COS","MEX",0
1948-01-01,"PAN","MEX",0
1948-01-01,"COL","MEX",0
1948-01-01,"VEN","MEX",0
1948-01-01,"ECU","MEX",0
1948-01-01,"PER","MEX",0
1948-01-01,"BRA","MEX",0
1948-01-01,"BOL","MEX",0
1948-01-01,"PAR","MEX",0
1948-01-01,"CHL","MEX",0
1948-01-01,"ARG","MEX",0
1948-01-01,"HON","GUA",0
1948-01-01,"NIC","GUA",0
1948-01-01,"COS","GUA",0
1948-01-01,"PAN","GUA",0
1948-01-01,"COL","GUA",0
1948-01-01,"VEN","GUA",0
1948-01-01,"ECU","GUA",0
1948-01-01,"PER","GUA",0
1948-01-01,"BRA","GUA",0
1948-01-01,"BOL","GUA",0
1948-01-01,"PAR","GUA",0
1948-01-01,"CHL","GUA",0
1948-01-01,"ARG","GUA",0
1948-01-01,"NIC","HON",0
1948-01-01,"COS","HON",0
1948-01-01,"PAN","HON",0
1948-01-01,"COL","HON",0
1948-01-01,"VEN","HON",0
1948-01-01,"ECU","HON",0
1948-01-01,"PER","HON",0
1948-01-01,"BRA","HON",0
1948-01-01,"BOL","HON",0
1948-01-01,"PAR","HON",0
1948-01-01,"CHL","HON",0
1948-01-01,"ARG","HON",0
1948-01-01,"COS","NIC",0
1948-01-01,"PAN","NIC",0
1948-01-01,"COL","NIC",0
1948-01-01,"VEN","NIC",0
1948-01-01,"ECU","NIC",0
1948-01-01,"PER","NIC",0
1948-01-01,"BRA","NIC",0
1948-01-01,"BOL","NIC",0
1948-01-01,"PAR","NIC",0
1948-01-01,"CHL","NIC",0
1948-01-01,"ARG","NIC",0
1948-01-01,"PAN","COS",0
1948-01-01,"COL","COS",0
1948-01-01,"VEN","COS",0
1948-01-01,"ECU","COS",0
1948-01-01,"PER","COS",0
1948-01-01,"BRA","COS",0
1948-01-01,"BOL","COS",0
1948-01-01,"PAR","COS",0
1948-01-01,"CHL","COS",0
1948-01-01,"ARG","COS",0
1948-01-01,"COL","PAN",0
1948-01-01,"VEN","PAN",0
1948-01-01,"ECU","PAN",0
1948-01-01,"PER","PAN",0
1948-01-01,"BRA","PAN",0
1948-01-01,"BOL","PAN",0
1948-01-01,"PAR","PAN",0
1948-01-01,"CHL","PAN",0
1948-01-01,"ARG","PAN",0
1948-01-01,"VEN","COL",0
1948-01-01,"ECU","COL",0
1948-01-01,"PER","COL",0
1948-01-01,"BRA","COL",0
1948-01-01,"BOL","COL",0
1948-01-01,"PAR","COL",0
1948-01-01,"CHL","COL",0
1948-01-01,"ARG","COL",0
1948-01-01,"ECU","VEN",0
1948-01-01,"PER","VEN",0
1948-01-01,"BRA","VEN",0
1948-01-01,"BOL","VEN",0
1948-01-01,"PAR","VEN",0
1948-01-01,"CHL","VEN",0
1948-01-01,"ARG","VEN",0
1948-01-01,"PER","ECU",0
1948-01-01,"BRA","ECU",0
1948-01-01,"BOL","ECU",0
1948-01-01,"PAR","ECU",0
1948-01-01,"CHL","ECU",0
1948-01-01,"ARG","ECU",0
1948-01-01,"BRA","PER",0
1948-01-01,"BOL","PER",0
1948-01-01,"PAR","PER",0
1948-01-01,"CHL","PER",0
1948-01-01,"ARG","PER",0
1948-01-01,"BOL","BRA",0
1948-01-01,"PAR","BRA",0
1948-01-01,"CHL","BRA",0
1948-01-01,"ARG","BRA",0
1948-01-01,"PAR","BOL",0
1948-01-01,"CHL","BOL",0
1948-01-01,"ARG","BOL",0
1948-01-01,"CHL","PAR",0
1948-01-01,"ARG","PAR",0
1948-01-01,"ARG","CHL",0
1950-01-01,"RUS","YUG",0
1990-01-01,"RUS","POL",0
1950-01-01,"CHN","RUS",0
1950-01-01,"YUG","POL",0
1957-01-01,"JOR","UKG",0
1950-01-01,"YUG","CZE",0
1950-01-01,"YUG","ALB",0
1949-01-01,"FRN","UKG",0
1990-01-01,"CZE","POL",0
1963-01-01,"CUB","USA",0
1963-01-01,"HAI","CUB",0
1963-01-01,"DOM","CUB",0
1963-01-01,"MEX","CUB",0
1963-01-01,"GUA","CUB",0
1963-01-01,"HON","CUB",0
1963-01-01,"SAL","CUB",0
1963-01-01,"NIC","CUB",0
1963-01-01,"COS","CUB",0
1963-01-01,"PAN","CUB",0
1963-01-01,"COL","CUB",0
1963-01-01,"VEN","CUB",0
1963-01-01,"ECU","CUB",0
1963-01-01,"PER","CUB",0
1963-01-01,"BRA","CUB",0
1963-01-01,"BOL","CUB",0
1963-01-01,"PAR","CUB",0
1963-01-01,"CHL","CUB",0
1963-01-01,"ARG","CUB",0
1950-01-01,"YUG","HUN",0
1968-01-01,"BUL","ALB",0
1950-01-01,"ROM","YUG",0
1990-01-01,"ROM","BUL",0
1990-01-01,"ROM","HUN",0
1990-01-01,"RUS","ROM",0
1990-01-01,"RUS","HUN",0
1990-01-01,"RUS","BUL",0
1992-01-01,"FIN","RUS",0
1990-01-01,"BUL","CZE",0
1990-01-01,"BUL","POL",0
1990-01-01,"HUN","POL",0
1990-01-01,"BUL","HUN",0
1990-01-01,"ROM","CZE",0
1990-01-01,"ROM","POL",0
1991-01-01,"GFR","USA",0
1991-01-01,"GFR","CAN",0
1991-01-01,"GFR","UKG",0
1991-01-01,"GFR","NTH",0
1991-01-01,"GFR","BEL",0
1991-01-01,"GFR","LUX",0
1991-01-01,"GFR","FRN",0
1991-01-01,"GFR","SPN",0
1991-01-01,"GFR","POR",0
1991-01-01,"GFR","GMY",0
1991-01-01,"ITA","GFR",0
1991-01-01,"GRC","GFR",0
1991-01-01,"NOR","GFR",0
1991-01-01,"DEN","GFR",0
1991-01-01,"TUR","GFR",0
1990-01-01,"CZE","HUN",0
1981-01-01,"CHN","RUS",0
1980-01-01,"EGY","SOM",0
1991-01-01,"YAR","SOM",0
1991-01-01,"YPR","SOM",0
1980-01-01,"EGY","MOR",0
1991-01-01,"YAR","MOR",0
1991-01-01,"YPR","MOR",0
1980-01-01,"EGY","ALG",0
1991-01-01,"YAR","ALG",0
1991-01-01,"YPR","ALG",0
1980-01-01,"EGY","TUN",0
1959-01-01,"SYR","TUN",0
1991-01-01,"YAR","TUN",0
1991-01-01,"YPR","TUN",0
1980-01-01,"EGY","LIB",0
1991-01-01,"YAR","LIB",0
1991-01-01,"YPR","LIB",0
1980-01-01,"EGY","SUD",0
1991-01-01,"YAR","SUD",0
1991-01-01,"YPR","SUD",0
1980-01-01,"EGY","IRQ",0
1959-01-01,"SYR","IRQ",0
1991-01-01,"YAR","IRQ",0
1991-01-01,"YPR","IRQ",0
1959-01-01,"SYR","EGY",0
1980-01-01,"SYR","EGY",0
1980-01-01,"LEB","EGY",0
1980-01-01,"JOR","EGY",0
1980-01-01,"SAU","EGY",0
1980-01-01,"YAR","EGY",0
1991-01-01,"YAR","EGY",0
1980-01-01,"YPR","EGY",0
1991-01-01,"YPR","EGY",0
1980-01-01,"KUW","EGY",0
1980-01-01,"QAT","EGY",0
1980-01-01,"UAE","EGY",0
1959-01-01,"LEB","SYR",0
1959-01-01,"JOR","SYR",0
1959-01-01,"SAU","SYR",0
1959-01-01,"YAR","SYR",0
1991-01-01,"YAR","SYR",0
1991-01-01,"YPR","SYR",0
1959-01-01,"UAE","SYR",0
1991-01-01,"YAR","LEB",0
1991-01-01,"YPR","LEB",0
1991-01-01,"YAR","JOR",0
1991-01-01,"YPR","JOR",0
1991-01-01,"YAR","SAU",0
1991-01-01,"YPR","SAU",0
1991-01-01,"YPR","YAR",0
1991-01-01,"KUW","YAR",0
1991-01-01,"QAT","YAR",0
1991-01-01,"UAE","YAR",0
1991-01-01,"KUW","YPR",0
1991-01-01,"QAT","YPR",0
1991-01-01,"UAE","YPR",0
1987-01-01,"NEW","USA",0
1987-01-01,"NEW","AUL",0
1965-01-01,"GRC","YUG",0
1955-01-01,"GRC","YUG",0
1965-01-01,"TUR","YUG",0
1955-01-01,"TUR","YUG",0
1965-01-01,"TUR","GRC",0
1955-01-01,"TUR","GRC",0
1970-01-01,"LIB","UKG",0
1981-01-01,"TAW","USA",0
1960-01-01,"IRQ","UKG",0
1990-01-01,"POL","GDR",0
1957-01-01,"HUN","GDR",0
1990-01-01,"CZE","GDR",0
1969-01-01,"ALB","GDR",0
1990-01-01,"BUL","GDR",0
1990-01-01,"ROM","GDR",0
1990-01-01,"RUS","GDR",0
1957-01-01,"HUN","POL",0
1969-01-01,"ALB","POL",0
1957-01-01,"CZE","HUN",0
1957-01-01,"ALB","HUN",0
1957-01-01,"BUL","HUN",0
1957-01-01,"ROM","HUN",0
1957-01-01,"RUS","HUN",0
1969-01-01,"ALB","CZE",0
1969-01-01,"BUL","ALB",0
1969-01-01,"ROM","ALB",0
1969-01-01,"RUS","ALB",0
1962-01-01,"SYR","EGY",0
1962-01-01,"JOR","EGY",0
1962-01-01,"JOR","SYR",0
1957-01-01,"SAU","EGY",0
1963-01-01,"SAU","EGY",0
1963-01-01,"YAR","EGY",0
1963-01-01,"YAR","SAU",0
1975-01-01,"LIB","TUN",0
1972-01-01,"MAL","UKG",0
1977-01-01,"CEN","FRN",0
1979-01-01,"CHA","FRN",0
1979-01-01,"CON","FRN",0
1977-01-01,"CHA","CEN",0
1977-01-01,"CON","CEN",0
1979-01-01,"CON","CHA",0
1975-01-01,"TUR","GRC",0
1964-01-01,"GHA","GUI",0
1996-01-01,"PRK","RUS",0
1965-01-01,"CEN","SEN",0
1965-01-01,"CHA","SEN",0
1965-01-01,"CON","SEN",0
1965-01-01,"RWA","SEN",0
1965-01-01,"CHA","CEN",0
1965-01-01,"CON","CEN",0
1965-01-01,"RWA","CEN",0
1965-01-01,"CON","CHA",0
1965-01-01,"RWA","CHA",0
1965-01-01,"RWA","CON",0
1968-01-01,"YAR","EGY",0
1970-01-01,"HON","GUA",0
1970-01-01,"SAL","GUA",0
1970-01-01,"NIC","GUA",0
1970-01-01,"COS","GUA",0
1970-01-01,"PAN","GUA",0
1970-01-01,"SAL","HON",0
1970-01-01,"NIC","HON",0
1970-01-01,"COS","HON",0
1970-01-01,"PAN","HON",0
1970-01-01,"NIC","SAL",0
1970-01-01,"COS","SAL",0
1970-01-01,"PAN","SAL",0
1970-01-01,"COS","NIC",0
1970-01-01,"PAN","NIC",0
1970-01-01,"PAN","COS",0
1995-01-01,"RWA","DRC",0
1968-01-01,"SYR","EGY",0
1990-01-01,"HUN","GDR",0
1980-01-01,"JOR","IRQ",0
1969-01-01,"CHA","CEN",0
1969-01-01,"CON","CEN",0
1969-01-01,"CON","CHA",0
1980-01-01,"SUD","UGA",0
1985-01-01,"LIB","ALG",0
1990-01-01,"EGY","SUD",0
1981-01-01,"SYR","LIB",0
1987-01-01,"LIB","ETH",0
1987-01-01,"YPR","ETH",0
1987-01-01,"YPR","LIB",0
2002-01-01,"ANG","CON",0
2002-01-01,"ZIM","CON",0
2002-01-01,"ZIM","ANG",0
