"time","actor1","actor2","end_date","outcome","highact","hihost","fatlev"
1817-09-12,"RUS","TUR",1817-11-01,"Yield B","Fortify border",3,"None"
1821-07-18,"RUS","TUR",1821-08-10,"Statlemate","Seizure",4,"None"
1826-04-05,"RUS","TUR",1826-10-06,"Yield B","Show of troops",3,"None"
1827-08-16,"UKG","TUR",1828-04-30,"Ongoing","Raid",4,"None"
1827-08-16,"UKG","TUR",1828-04-30,"Win A","Raid",4,"1,000+"
1827-08-16,"FRN","TUR",1828-04-30,"Ongoing","Raid",4,"None"
1827-08-16,"FRN","TUR",1828-04-30,"Win A","Raid",4,"1,000+"
1827-08-16,"RUS","TUR",1828-04-30,"Ongoing","Raid",4,"None"
1827-08-16,"RUS","TUR",1828-04-30,"Win A","Raid",4,"1,000+"
1827-11-01,"RUS","TUR",1829-09-14,"Ongoing","Declaration of War",4,"None"
1827-11-01,"RUS","TUR",1829-09-14,"Ongoing","Begin Interstate War",5,"None"
1827-11-01,"RUS","TUR",1829-09-14,"Win A","Begin Interstate War",5,"1,000+"
1828-07-20,"FRN","TUR",1828-08-28,"Yield B","Occupation of territory",4,"None"
1830-08-28,"RUS","FRN",1830-09-30,"Statlemate","Threat to use force",2,"None"
1831-02-05,"UKG","FRN",1831-02-05,"Yield B","Threat to declare war",2,"None"
1833-06-22,"UKG","RUS",1833-07-10,"Yield B","Show of Ships",3,"None"
1833-06-22,"UKG","TUR",1833-07-10,"Yield B","Show of Ships",3,"None"
1833-06-22,"FRN","RUS",1833-07-10,"Yield B","Show of Ships",3,"None"
1833-06-22,"FRN","TUR",1833-07-10,"Yield B","Show of Ships",3,"None"
1835-11-01,"FRN","USA",1835-12-31,"Yield B","Alert",3,"None"
1837-12-29,"UKG","USA",1838-01-05,"Ongoing","Raid",4,"None"
1837-12-29,"UKG","USA",1838-01-05,"Statlemate","Raid",4,"None"
1839-01-01,"USA","UKG",1839-03-23,"Compromise","Seizure",4,"None"
1846-01-01,"UKG","USA",1846-06-08,"Compromise","Show of Ships",3,"None"
1849-10-06,"UKG","RUS",1849-11-13,"Statlemate","Show of Ships",3,"None"
1849-10-06,"FRN","RUS",1849-11-13,"Statlemate","Show of Ships",3,"None"
1849-11-01,"TUR","RUS",1849-11-13,"Statlemate","Threat to use force",2,"None"
1852-04-01,"FRN","TUR",1852-06-30,"Yield B","Show of Ships",3,"None"
1853-02-01,"RUS","TUR",1853-02-25,"Yield B","Show of troops",3,"None"
1853-05-31,"RUS","TUR",1856-03-30,"Ongoing","Begin Interstate War",5,"None"
1853-05-31,"RUS","TUR",1856-03-30,"Ongoing","Begin Interstate War",5,"None"
1853-05-31,"RUS","TUR",1856-03-30,"Ongoing","Begin Interstate War",5,"None"
1853-05-31,"RUS","TUR",1856-03-30,"Win B","Begin Interstate War",5,"1,000+"
1853-06-13,"RUS","UKG",1856-03-30,"Ongoing","Show of Ships",3,"None"
1853-06-13,"RUS","UKG",1856-03-30,"Ongoing","Begin Interstate War",5,"None"
1853-06-13,"RUS","UKG",1856-03-30,"Ongoing","Begin Interstate War",5,"None"
1853-06-13,"RUS","UKG",1856-03-30,"Win B","Begin Interstate War",5,"1,000+"
1853-06-13,"RUS","FRN",1856-03-30,"Ongoing","Show of Ships",3,"None"
1853-06-13,"RUS","FRN",1856-03-30,"Ongoing","Begin Interstate War",5,"None"
1853-06-13,"RUS","FRN",1856-03-30,"Ongoing","Begin Interstate War",5,"None"
1853-06-13,"RUS","FRN",1856-03-30,"Win B","Begin Interstate War",5,"1,000+"
1854-07-09,"USA","UKG",1854-10-30,"Statlemate","Raid",4,"None"
1856-05-10,"UKG","USA",1856-05-31,"Statlemate","Raid",4,"None"
1856-07-01,"UKG","IRN",1857-04-05,"Ongoing","Begin Interstate War",5,"None"
1856-07-01,"UKG","IRN",1857-04-05,"Win A","Begin Interstate War",5,"1,000+"
1858-01-01,"UKG","USA",1858-06-08,"Yield B","Raid",4,"None"
1860-12-20,"USA","UKG",1860-12-20,"Statlemate","Threat to use force",2,"None"
1860-12-20,"USA","FRN",1860-12-20,"Statlemate","Threat to use force",2,"None"
1861-08-27,"RUS","UKG",1861-09-21,"Yield B","Occupation of territory",4,"26-100"
1861-11-07,"USA","UKG",1861-12-26,"Released","Seizure",4,"None"
1865-08-01,"USA","FRN",1866-02-12,"Ongoing","Show of troops",3,"None"
1865-08-01,"USA","FRN",1866-02-12,"Yield B","Show of troops",3,"None"
1876-05-01,"UKG","RUS",1876-05-31,"Statlemate","Show of Ships",3,"None"
1876-05-06,"UKG","TUR",1876-05-30,"Yield B","Show of Ships",3,"None"
1876-05-13,"RUS","TUR",1876-05-13,"Statlemate","Threat to use force",2,"None"
1876-10-31,"RUS","TUR",1878-01-31,"Ongoing","Mobilization",3,"None"
1876-10-31,"RUS","TUR",1878-01-31,"Ongoing","Begin Interstate War",5,"None"
1876-10-31,"RUS","TUR",1878-01-31,"Win A","Begin Interstate War",5,"1,000+"
1877-05-06,"UKG","RUS",1878-06-13,"Ongoing","Show of Ships",3,"None"
1877-05-06,"UKG","RUS",1878-06-13,"Yield B","Show of Ships",3,"None"
1880-06-07,"UKG","TUR",1881-02-25,"Ongoing","Show of Ships",3,"None"
1880-06-07,"UKG","TUR",1881-02-25,"Yield B","Show of Ships",3,"None"
1880-07-01,"FRN","TUR",1880-11-25,"Yield B","Show of Ships",3,"None"
1880-09-14,"RUS","TUR",1880-11-25,"Yield B","Show of Ships",3,"None"
1881-01-01,"UKG","USA",1881-01-31,"Yield B","Show of Ships",3,"None"
1881-03-01,"TUR","FRN",1881-08-31,"Yield B","Show of troops",3,"None"
1882-07-03,"UKG","EGY",1882-09-15,"Win A","Begin Interstate War",5,"1,000+"
1882-07-03,"FRN","EGY",1882-07-10,"Win A","Alert",3,"None"
1885-03-12,"UKG","RUS",1885-05-22,"Compromise","Mobilization",3,"None"
1887-05-22,"RUS","TUR",1887-05-22,"Statlemate","Threat to occupy terr.",2,"None"
1888-02-01,"FRN","UKG",1888-03-31,"Statlemate","Show of Ships",3,"None"
1893-07-01,"FRN","UKG",1893-08-03,"Win A","Show of Ships",3,"None"
1893-12-23,"FRN","UKG",1893-12-23,"Statlemate","Clash",4,"None"
1895-02-11,"FRN","USA",1895-03-11,"Compromise","Show of Ships",3,"None"
1895-10-15,"UKG","TUR",1895-12-31,"Yield B","Show of Ships",3,"None"
1896-12-01,"FRN","UKG",1898-06-14,"Ongoing","Clash",4,"None"
1896-12-01,"FRN","UKG",1898-06-14,"Ongoing","Clash",4,"None"
1896-12-01,"FRN","UKG",1898-06-14,"Compromise","Clash",4,"None"
1897-02-15,"UKG","TUR",1897-08-15,"Yield B","Raid",4,"None"
1897-02-15,"FRN","TUR",1897-08-15,"Yield B","Raid",4,"None"
1897-02-15,"RUS","TUR",1897-08-15,"Yield B","Raid",4,"None"
1898-09-06,"UKG","TUR",1898-10-05,"Yield B","Raid",4,"None"
1898-09-06,"FRN","TUR",1898-10-05,"Yield B","Threat to use force",2,"None"
1898-09-18,"UKG","FRN",1898-11-04,"Yield B","Show of troops",3,"None"
1898-10-05,"RUS","TUR",1898-10-05,"Yield B","Threat to use force",2,"None"
1902-07-01,"USA","UKG",1903-01-24,"Ongoing","Show of troops",3,"None"
1902-07-01,"USA","UKG",1903-01-24,"Compromise","Show of troops",3,"None"
1902-09-20,"RUS","TUR",1902-10-02,"Yield B","Show of Ships",3,"None"
1902-12-08,"UKG","USA",1903-02-19,"Ongoing","Raid",4,"None"
1902-12-08,"UKG","USA",1903-02-19,"Compromise","Raid",4,"None"
1903-10-01,"USA","UKG",1903-10-20,"Yield B","Threat to use force",2,"None"
1904-10-21,"RUS","UKG",1904-11-05,"Yield B","Raid",4,"None"
1905-01-11,"UKG","TUR",1905-12-06,"Yield B","Occupation of territory",4,"None"
1905-01-11,"FRN","TUR",1905-12-06,"Yield B","Occupation of territory",4,"None"
1905-01-11,"RUS","TUR",1905-12-06,"Yield B","Occupation of territory",4,"None"
1906-02-01,"TUR","UKG",1906-05-12,"Yield B","Occupation of territory",4,"None"
1907-08-05,"TUR","IRN",1908-08-20,"Ongoing","Clash",4,"None"
1907-08-05,"TUR","IRN",1908-08-20,"Statlemate","Clash",4,"None"
1908-04-16,"RUS","IRN",1908-06-17,"Statlemate","Raid",4,"None"
1909-07-17,"RUS","IRN",1910-01-17,"Ongoing","Show of troops",3,"None"
1909-07-17,"RUS","IRN",1910-01-17,"Statlemate","Show of troops",3,"None"
1910-03-15,"UKG","IRN",1910-10-14,"Yield B","Show of Ships",3,"None"
1911-11-02,"RUS","IRN",1912-09-29,"Ongoing","Clash",4,"None"
1911-11-02,"RUS","IRN",1912-09-29,"Win A","Clash",4,"None"
1913-03-31,"RUS","TUR",1913-03-31,"Statlemate","Show of Ships",3,"None"
1914-07-28,"TUR","UKG",1918-10-30,"Ongoing","Begin Interstate War",5,"None"
1914-07-28,"TUR","UKG",1918-10-30,"Ongoing","Begin Interstate War",5,"None"
1914-07-28,"TUR","UKG",1918-10-30,"Ongoing","Begin Interstate War",5,"None"
1914-07-28,"TUR","UKG",1918-10-30,"Ongoing","Begin Interstate War",5,"None"
1914-07-28,"TUR","UKG",1918-10-30,"Win B","Begin Interstate War",5,"1,000+"
1914-08-04,"TUR","FRN",1918-10-30,"Ongoing","Declaration of War",4,"None"
1914-08-04,"TUR","FRN",1918-10-30,"Ongoing","Begin Interstate War",5,"None"
1914-08-04,"TUR","FRN",1918-10-30,"Ongoing","Begin Interstate War",5,"None"
1914-08-04,"TUR","FRN",1918-10-30,"Ongoing","Begin Interstate War",5,"None"
1914-08-04,"TUR","FRN",1918-10-30,"Win B","Begin Interstate War",5,"1,000+"
1914-08-04,"TUR","RUS",1918-09-14,"Ongoing","Begin Interstate War",5,"None"
1914-08-04,"TUR","RUS",1918-09-14,"Ongoing","Begin Interstate War",5,"None"
1914-08-04,"TUR","RUS",1918-09-14,"Ongoing","Begin Interstate War",5,"None"
1914-08-04,"TUR","RUS",1918-09-14,"Ongoing","Begin Interstate War",5,"None"
1914-08-04,"TUR","RUS",1918-09-14,"Win A","Begin Interstate War",5,"1,000+"
1914-11-15,"TUR","IRN",1917-03-20,"Ongoing","Clash",4,"None"
1914-11-15,"TUR","IRN",1917-03-20,"Ongoing","Clash",4,"None"
1914-11-15,"TUR","IRN",1917-03-20,"Ongoing","Clash",4,"None"
1914-11-15,"TUR","IRN",1917-03-20,"Yield B","Clash",4,"None"
1918-01-12,"USA","RUS",1920-04-01,"Ongoing","Clash",4,"None"
1918-01-12,"USA","RUS",1920-04-01,"Ongoing","Clash",4,"None"
1918-01-12,"USA","RUS",1920-04-01,"Win B","Clash",4,"None"
1918-01-12,"UKG","RUS",1920-04-01,"Ongoing","Clash",4,"None"
1918-01-12,"UKG","RUS",1920-04-01,"Ongoing","Clash",4,"None"
1918-01-12,"UKG","RUS",1920-04-01,"Win B","Clash",4,"None"
1918-02-10,"TUR","RUS",1918-02-10,"Statlemate","Raid",4,"None"
1918-06-28,"FRN","RUS",1920-04-01,"Ongoing","Clash",4,"None"
1918-06-28,"FRN","RUS",1920-04-01,"Ongoing","Clash",4,"None"
1918-06-28,"FRN","RUS",1920-04-01,"Win B","Clash",4,"None"
1918-07-01,"UKG","RUS",1920-02-15,"Ongoing","Raid",4,"None"
1918-07-01,"UKG","RUS",1920-02-15,"Ongoing","Raid",4,"None"
1918-07-01,"UKG","RUS",1920-02-15,"Win B","Raid",4,"None"
1918-11-03,"IRN","RUS",1918-11-03,"Statlemate","Raid",4,"None"
1918-12-12,"RUS","UKG",1920-02-01,"Ongoing","Begin Interstate War",5,"None"
1918-12-12,"RUS","UKG",1920-02-01,"Ongoing","Begin Interstate War",5,"None"
1918-12-12,"RUS","UKG",1920-02-01,"Win B","Begin Interstate War",5,"None"
1919-03-27,"RUS","FRN",1920-02-01,"Ongoing","Begin Interstate War",5,"None"
1919-03-27,"RUS","FRN",1920-02-01,"Win B","Begin Interstate War",5,"1,000+"
1919-11-01,"FRN","TUR",1921-10-20,"Ongoing","Begin Interstate War",5,"None"
1919-11-01,"FRN","TUR",1921-10-20,"Ongoing","Begin Interstate War",5,"None"
1919-11-01,"FRN","TUR",1921-10-20,"Yield A","Begin Interstate War",5,"1,000+"
1920-02-01,"UKG","RUS",1920-04-06,"Win B","Raid",4,"None"
1920-03-16,"UKG","TUR",1920-08-23,"Statlemate","Occupation of territory",4,"None"
1920-03-16,"FRN","TUR",1920-08-23,"Statlemate","Occupation of territory",4,"None"
1920-05-08,"RUS","IRN",1921-02-24,"Ongoing","Raid",4,"None"
1920-05-08,"RUS","IRN",1921-02-24,"Statlemate","Raid",4,"None"
1920-05-18,"RUS","UKG",1921-02-24,"Ongoing","Raid",4,"None"
1920-05-18,"RUS","UKG",1921-02-24,"Statlemate","Raid",4,"None"
1920-07-12,"UKG","RUS",1920-08-03,"Statlemate","Threat to use force",2,"None"
1921-02-27,"RUS","TUR",1921-05-31,"Compromise","Show of troops",3,"None"
1922-09-16,"UKG","TUR",1923-07-24,"Ongoing","Occupation of territory",4,"None"
1922-09-16,"UKG","TUR",1923-07-24,"Compromise","Occupation of territory",4,"None"
1922-09-16,"FRN","TUR",1922-10-11,"Compromise","Occupation of territory",4,"None"
1923-05-05,"RUS","UKG",1923-06-11,"Released","Seizure",4,"None"
1925-09-02,"UKG","TUR",1926-03-20,"Ongoing","Show of Ships",3,"None"
1925-09-02,"UKG","TUR",1926-03-20,"Compromise","Show of Ships",3,"None"
1925-12-11,"FRN","TUR",1926-03-20,"Ongoing","Show of troops",3,"None"
1925-12-11,"FRN","TUR",1926-03-20,"Compromise","Show of troops",3,"None"
1931-01-01,"SAU","YAR",1931-01-31,"Statlemate","Clash",4,"None"
1931-12-30,"YAR","SAU",1932-04-01,"Ongoing","Raid",4,"None"
1931-12-30,"YAR","SAU",1932-04-01,"Win A","Raid",4,"None"
1933-04-11,"RUS","IRN",1933-04-11,"Released","Seizure",4,"None"
1933-11-15,"SAU","YAR",1934-06-23,"Ongoing","Clash",4,"None"
1933-11-15,"SAU","YAR",1934-06-23,"Win A","Begin Interstate War",5,"1,000+"
1934-05-01,"SAU","UKG",1934-06-23,"Unclear","Clash",4,"None"
1934-05-01,"SAU","FRN",1934-06-23,"Unclear","Clash",4,"None"
1934-07-16,"TUR","UKG",1934-07-16,"Yield B","Raid",4,"0-25"
1934-12-01,"IRN","IRQ",1935-01-31,"Ongoing","Border violation",3,"None"
1934-12-01,"IRN","IRQ",1935-01-31,"Compromise","Border violation",3,"None"
1937-06-07,"TUR","FRN",1937-06-07,"Statlemate","Show of troops",3,"None"
1938-06-03,"TUR","FRN",1938-06-28,"Compromise","Show of troops",3,"None"
1939-09-09,"UKG","RUS",1939-09-29,"Statlemate","Raid",4,"None"
1939-09-09,"FRN","RUS",1939-09-29,"Statlemate","Raid",4,"None"
1939-12-14,"UKG","USA",1940-11-03,"Ongoing","Seizure",4,"None"
1939-12-14,"UKG","USA",1940-11-03,"Compromise","Seizure",4,"None"
1940-01-14,"UKG","RUS",1940-04-02,"Released","Seizure",4,"None"
1940-07-03,"UKG","FRN",1942-11-11,"Ongoing","Begin Interstate War",5,"None"
1940-07-03,"UKG","FRN",1942-11-11,"Ongoing","Begin Interstate War",5,"None"
1940-07-03,"UKG","FRN",1942-11-11,"Win A","Begin Interstate War",5,"1,000+"
1940-07-04,"UKG","FRN",1941-07-07,"Ongoing","Clash",4,"None"
1940-07-04,"UKG","FRN",1941-07-07,"Unclear","Clash",4,"None"
1941-04-30,"UKG","IRQ",1941-05-23,"Win A","Clash",4,"None"
1941-08-19,"RUS","IRN",1941-08-31,"Win A","Raid",4,"None"
1942-02-04,"UKG","EGY",1942-02-04,"Yield B","Show of troops",3,"None"
1942-11-08,"USA","FRN",1942-11-11,"Win A","Begin Interstate War",5,"1,000+"
1945-11-18,"RUS","IRN",1946-05-09,"Ongoing","Show of troops",3,"None"
1945-11-18,"RUS","IRN",1946-05-09,"Yield A","Show of troops",3,"None"
1945-12-04,"RUS","TUR",1946-10-04,"Ongoing","Mobilization",3,"None"
1945-12-04,"RUS","TUR",1946-10-04,"Statlemate","Mobilization",3,"None"
1946-04-15,"RUS","USA",1946-10-04,"Statlemate","Show of troops",3,"None"
1946-08-02,"UKG","IRN",1946-08-03,"Statlemate","Show of Ships",3,"None"
1946-08-03,"UKG","RUS",1946-08-03,"Statlemate","Show of Ships",3,"None"
1948-03-21,"RUS","USA",1949-07-25,"Ongoing","Raid",4,"None"
1948-03-21,"RUS","USA",1949-07-25,"Statlemate","Raid",4,"None"
1948-03-21,"RUS","UKG",1949-07-25,"Ongoing","Raid",4,"None"
1948-03-21,"RUS","UKG",1949-07-25,"Statlemate","Raid",4,"None"
1948-03-21,"RUS","FRN",1949-07-25,"Ongoing","Raid",4,"None"
1948-03-21,"RUS","FRN",1949-07-25,"Statlemate","Raid",4,"None"
1948-05-14,"IRQ","ISR",1948-10-22,"Win B","Begin Interstate War",5,"1,000+"
1948-05-14,"EGY","ISR",1949-01-07,"Ongoing","Begin Interstate War",5,"None"
1948-05-14,"EGY","ISR",1949-01-07,"Win B","Begin Interstate War",5,"1,000+"
1948-05-14,"SYR","ISR",1948-10-31,"Win B","Begin Interstate War",5,"1,000+"
1948-05-14,"LEB","ISR",1948-10-31,"Win B","Begin Interstate War",5,"1,000+"
1948-05-14,"JOR","ISR",1949-03-10,"Ongoing","Begin Interstate War",5,"None"
1948-05-14,"JOR","ISR",1949-03-10,"Win B","Begin Interstate War",5,"1,000+"
1948-06-01,"EGY","JOR",1948-06-30,"Unclear","Clash",4,"None"
1949-01-07,"ISR","UKG",1949-04-04,"Statlemate","Raid",4,"0-25"
1949-01-08,"ISR","JOR",1949-04-04,"Statlemate","Raid",4,"0-25"
1949-04-06,"ISR","SYR",1949-04-13,"Statlemate","Border violation",3,"None"
1949-04-26,"SYR","JOR",1949-08-14,"Statlemate","Show of troops",3,"None"
1949-05-19,"SYR","LEB",1949-08-14,"Statlemate","Raid",4,"None"
1949-06-15,"IRQ","JOR",1949-08-14,"Statlemate","Show of troops",3,"None"
1949-07-01,"UKG","YAR",1949-09-09,"Win A","Raid",4,"None"
1949-12-23,"EGY","ISR",1950-01-07,"Ongoing","Clash",4,"None"
1949-12-23,"EGY","ISR",1950-01-07,"Statlemate","Clash",4,"None"
1950-02-16,"SYR","ISR",1950-09-04,"Statlemate","Raid",4,"0-25"
1950-04-20,"ISR","JOR",1956-10-26,"Ongoing","Raid",4,"None"
1950-04-20,"ISR","JOR",1956-10-26,"Ongoing","Raid",4,"None"
1950-04-20,"ISR","JOR",1956-10-26,"Ongoing","Raid",4,"None"
1950-04-20,"ISR","JOR",1956-10-26,"Ongoing","Raid",4,"None"
1950-04-20,"ISR","JOR",1956-10-26,"Ongoing","Raid",4,"None"
1950-04-20,"ISR","JOR",1956-10-26,"Ongoing","Raid",4,"None"
1950-04-20,"ISR","JOR",1956-10-26,"Statlemate","Raid",4,"101-250"
1950-05-03,"RUS","UKG",1950-09-27,"Statlemate","Seizure",4,"None"
1950-07-12,"SYR","ISR",1950-07-12,"Yield B","Seizure",4,"None"
1950-10-09,"SYR","ISR",1952-07-13,"Ongoing","Raid",4,"None"
1950-10-09,"SYR","ISR",1952-07-13,"Ongoing","Raid",4,"None"
1950-10-09,"SYR","ISR",1952-07-13,"Statlemate","Raid",4,"26-100"
1950-11-06,"ISR","EGY",1951-04-07,"Ongoing","Raid",4,"None"
1950-11-06,"ISR","EGY",1951-04-07,"Yield B","Raid",4,"None"
1951-04-16,"RUS","USA",1951-11-24,"Statlemate","Show of troops",3,"None"
1951-05-17,"UKG","IRN",1951-09-08,"Yield A","Show of Ships",3,"None"
1951-06-06,"UKG","RUS",1951-09-08,"Yield A","Show of troops",3,"None"
1951-08-02,"IRN","RUS",1951-08-02,"Statlemate","Raid",4,"None"
1951-09-19,"ISR","EGY",1952-07-02,"Ongoing","Raid",4,"None"
1951-09-19,"ISR","EGY",1952-07-02,"Yield B","Raid",4,"101-250"
1951-10-13,"UKG","EGY",1952-01-26,"Ongoing","Clash",4,"None"
1951-10-13,"UKG","EGY",1952-01-26,"Win A","Clash",4,"26-100"
1951-12-16,"SYR","ISR",1952-06-29,"Ongoing","Raid",4,"None"
1951-12-16,"SYR","ISR",1952-06-29,"Statlemate","Raid",4,"0-25"
1951-12-20,"EGY","ISR",1951-12-20,"Statlemate","Border violation",3,"None"
1951-12-28,"SYR","ISR",1951-12-28,"Statlemate","Raid",4,"None"
1952-01-09,"ISR","SYR",1952-04-25,"Released","Seizure",4,"None"
1952-12-24,"EGY","ISR",1954-03-26,"Ongoing","Seizure",4,"None"
1952-12-24,"EGY","ISR",1954-03-26,"Ongoing","Seizure",4,"None"
1952-12-24,"EGY","ISR",1954-03-26,"Statlemate","Seizure",4,"None"
1953-01-24,"ISR","EGY",1956-10-06,"Ongoing","Raid",4,"None"
1953-01-24,"ISR","EGY",1956-10-06,"Ongoing","Raid",4,"None"
1953-01-24,"ISR","EGY",1956-10-06,"Ongoing","Raid",4,"None"
1953-01-24,"ISR","EGY",1956-10-06,"Statlemate","Raid",4,"101-250"
1953-02-01,"SYR","ISR",1958-01-22,"Ongoing","Raid",4,"None"
1953-02-01,"SYR","ISR",1958-01-22,"Ongoing","Raid",4,"None"
1953-02-01,"SYR","ISR",1958-01-22,"Ongoing","Raid",4,"None"
1953-02-01,"SYR","ISR",1958-01-22,"Ongoing","Raid",4,"None"
1953-02-01,"SYR","ISR",1958-01-22,"Ongoing","Raid",4,"None"
1953-02-01,"SYR","ISR",1958-01-22,"Statlemate","Raid",4,"26-100"
1953-02-22,"SYR","ISR",1953-10-28,"Statlemate","Raid",4,"None"
1953-03-12,"USA","RUS",1953-03-31,"Statlemate","Raid",4,"0-25"
1953-03-12,"UKG","RUS",1953-03-31,"Statlemate","Raid",4,"0-25"
1954-02-28,"SYR","ISR",1954-02-28,"Statlemate","Raid",4,"None"
1954-04-06,"SYR","ISR",1955-02-25,"Ongoing","Clash",4,"None"
1954-04-06,"SYR","ISR",1955-02-25,"Statlemate","Clash",4,"0-25"
1954-08-04,"USA","RUS",1954-08-08,"Statlemate","Show of Ships",3,"None"
1954-08-15,"SYR","ISR",1954-12-28,"Released","Seizure",4,"None"
1955-03-26,"SYR","TUR",1955-03-30,"Statlemate","Border violation",3,"None"
1955-03-29,"ISR","SYR",1955-03-31,"Statlemate","Raid",4,"None"
1955-08-04,"ISR","SYR",1955-08-04,"Released","Seizure",4,"None"
1955-09-01,"EGY","ISR",1956-11-06,"Ongoing","Raid",4,"None"
1955-09-01,"EGY","ISR",1956-11-06,"Win B","Begin Interstate War",5,"1,000+"
1955-10-14,"SYR","ISR",1958-02-01,"Ongoing","Raid",4,"None"
1955-10-14,"SYR","ISR",1958-02-01,"Ongoing","Raid",4,"None"
1955-10-14,"SYR","ISR",1958-02-01,"Ongoing","Raid",4,"None"
1955-10-14,"SYR","ISR",1958-02-01,"Statlemate","Raid",4,"0-25"
1955-11-03,"TUR","SYR",1956-12-10,"Ongoing","Clash",4,"None"
1955-11-03,"TUR","SYR",1956-12-10,"Statlemate","Clash",4,"0-25"
1955-11-28,"UKG","SAU",1956-02-13,"Ongoing","Border violation",3,"None"
1955-11-28,"UKG","SAU",1956-02-13,"Statlemate","Border violation",3,"None"
1956-06-03,"UKG","YAR",1958-09-06,"Ongoing","Raid",4,"None"
1956-06-03,"UKG","YAR",1958-09-06,"Ongoing","Raid",4,"None"
1956-06-03,"UKG","YAR",1958-09-06,"Win A","Raid",4,"None"
1956-07-31,"EGY","UKG",1956-11-06,"Win A","Begin Interstate War",5,"1,000+"
1956-08-02,"EGY","FRN",1956-11-06,"Win A","Begin Interstate War",5,"1,000+"
1956-10-12,"ISR","UKG",1956-10-26,"Statlemate","Clash",4,"101-250"
1956-11-05,"RUS","UKG",1956-11-06,"Win A","Threat to use force",2,"None"
1956-11-05,"RUS","FRN",1956-11-06,"Win A","Threat to use force",2,"None"
1956-11-05,"RUS","ISR",1956-11-06,"Statlemate","Threat to use force",2,"None"
1956-11-06,"RUS","USA",1956-11-06,"Win A","Alert",3,"None"
1957-01-01,"JOR","ISR",1959-01-22,"Ongoing","Clash",4,"None"
1957-01-01,"JOR","ISR",1959-01-22,"Ongoing","Clash",4,"None"
1957-01-01,"JOR","ISR",1959-01-22,"Statlemate","Clash",4,"26-100"
1957-01-12,"SAU","ISR",1957-11-07,"Statlemate","Raid",4,"None"
1957-04-03,"ISR","EGY",1961-04-28,"Ongoing","Raid",4,"None"
1957-04-03,"ISR","EGY",1961-04-28,"Ongoing","Raid",4,"None"
1957-04-03,"ISR","EGY",1961-04-28,"Ongoing","Raid",4,"None"
1957-04-03,"ISR","EGY",1961-04-28,"Ongoing","Raid",4,"None"
1957-04-03,"ISR","EGY",1961-04-28,"Statlemate","Raid",4,"101-250"
1957-04-13,"SYR","JOR",1957-11-19,"Statlemate","Clash",4,"26-100"
1957-04-17,"SYR","IRQ",1957-05-26,"Statlemate","Clash",4,"26-100"
1957-04-25,"RUS","USA",1957-11-19,"Statlemate","Show of Ships",3,"None"
1957-04-25,"SYR","USA",1957-11-19,"Statlemate","Show of Ships",3,"None"
1957-09-13,"RUS","TUR",1957-11-19,"Statlemate","Show of Ships",3,"None"
1957-09-13,"RUS","JOR",1957-11-19,"Statlemate","Show of Ships",3,"None"
1957-10-13,"EGY","USA",1957-11-19,"Statlemate","Show of Ships",3,"None"
1957-10-13,"EGY","TUR",1957-11-19,"Statlemate","Clash",4,"26-100"
1957-10-13,"SYR","TUR",1957-11-19,"Statlemate","Clash",4,"26-100"
1957-10-13,"EGY","JOR",1957-11-19,"Statlemate","Show of troops",3,"None"
1958-02-01,"EGY","ISR",1960-06-09,"Ongoing","Alert",3,"None"
1958-02-01,"EGY","ISR",1960-06-09,"Ongoing","Alert",3,"None"
1958-02-01,"EGY","ISR",1960-06-09,"Statlemate","Alert",3,"0-25"
1958-03-05,"JOR","SYR",1958-03-05,"Statlemate","Raid",4,"None"
1958-03-05,"TUR","SYR",1958-04-13,"Statlemate","Clash",4,"None"
1958-05-14,"USA","EGY",1958-10-24,"Unclear","Show of Ships",3,"None"
1958-05-17,"USA","RUS",1958-10-24,"Unclear","Show of Ships",3,"None"
1958-06-27,"RUS","USA",1958-07-07,"Released","Raid",4,"None"
1958-07-14,"UKG","RUS",1958-10-24,"Unclear","Alert",3,"None"
1958-07-14,"UKG","EGY",1958-10-24,"Unclear","Alert",3,"None"
1958-07-15,"USA","IRQ",1958-10-24,"Unclear","Show of Ships",3,"None"
1958-07-15,"UKG","IRQ",1958-10-24,"Unclear","Alert",3,"None"
1958-07-15,"TUR","IRQ",1958-07-31,"Statlemate","Alert",3,"None"
1958-07-17,"UKG","IRQ",1958-10-22,"Statlemate","Show of troops",3,"None"
1958-07-17,"UKG","EGY",1958-10-22,"Statlemate","Show of troops",3,"None"
1958-09-08,"RUS","USA",1958-09-08,"Statlemate","Show of Ships",3,"None"
1958-09-14,"ISR","EGY",1958-09-18,"Released","Seizure",4,"None"
1958-11-07,"RUS","USA",1959-06-23,"Ongoing","Seizure",4,"None"
1958-11-07,"RUS","USA",1959-06-23,"Statlemate","Seizure",4,"None"
1958-11-07,"RUS","UKG",1959-06-23,"Ongoing","Seizure",4,"None"
1958-11-07,"RUS","UKG",1959-06-23,"Statlemate","Seizure",4,"None"
1958-11-07,"RUS","FRN",1959-06-23,"Ongoing","Seizure",4,"None"
1958-11-07,"RUS","FRN",1959-06-23,"Statlemate","Seizure",4,"None"
1958-11-07,"RUS","USA",1958-11-07,"Statlemate","Raid",4,"None"
1958-11-10,"EGY","ISR",1961-09-01,"Ongoing","Raid",4,"None"
1958-11-10,"EGY","ISR",1961-09-01,"Ongoing","Raid",4,"None"
1958-11-10,"EGY","ISR",1961-09-01,"Ongoing","Raid",4,"None"
1958-11-10,"EGY","ISR",1961-09-01,"Statlemate","Raid",4,"26-100"
1959-03-10,"IRQ","EGY",1959-03-15,"Statlemate","Raid",4,"None"
1959-03-16,"RUS","IRN",1959-06-18,"Statlemate","Border violation",3,"None"
1959-04-23,"JOR","EGY",1959-04-24,"Statlemate","Raid",4,"None"
1959-05-24,"ISR","EGY",1959-08-20,"Released","Seizure",4,"None"
1959-06-07,"TUR","EGY",1959-08-04,"Statlemate","Raid",4,"None"
1959-08-15,"ISR","JOR",1961-08-20,"Ongoing","Clash",4,"None"
1959-08-15,"ISR","JOR",1961-08-20,"Ongoing","Clash",4,"None"
1959-08-15,"ISR","JOR",1961-08-20,"Statlemate","Clash",4,"26-100"
1959-09-22,"IRN","IRQ",1960-01-21,"Ongoing","Raid",4,"None"
1959-09-22,"IRN","IRQ",1960-01-21,"Statlemate","Raid",4,"0-25"
1959-10-01,"EGY","IRQ",1959-10-01,"Statlemate","Show of troops",3,"None"
1959-10-07,"EGY","ISR",1960-08-22,"Ongoing","Raid",4,"None"
1959-10-07,"EGY","ISR",1960-08-22,"Statlemate","Raid",4,"None"
1959-12-15,"EGY","JOR",1959-12-15,"Statlemate","Clash",4,"None"
1960-05-01,"USA","RUS",1960-07-18,"Released","Raid",4,"None"
1960-05-08,"TUR","RUS",1960-05-30,"Released","Raid",4,"None"
1960-07-06,"EGY","ISR",1960-07-13,"Released","Seizure",4,"None"
1960-07-09,"RUS","USA",1961-04-26,"Ongoing","Show of troops",3,"None"
1960-07-09,"RUS","USA",1961-04-26,"Statlemate","Show of troops",3,"None"
1960-09-26,"JOR","EGY",1960-09-30,"Statlemate","Raid",4,"None"
1961-02-12,"EGY","ISR",1961-08-15,"Statlemate","Raid",4,"None"
1961-04-02,"RUS","USA",1961-04-20,"Statlemate","Alert",3,"None"
1961-06-25,"IRQ","KUW",1962-02-28,"Ongoing","Raid",4,"None"
1961-06-25,"IRQ","KUW",1962-02-28,"Statlemate","Raid",4,"None"
1961-06-26,"IRQ","UKG",1962-02-28,"Ongoing","Raid",4,"None"
1961-06-26,"IRQ","UKG",1962-02-28,"Statlemate","Raid",4,"None"
1961-06-29,"IRQ","IRN",1961-06-29,"Statlemate","Raid",4,"None"
1961-07-01,"IRQ","SAU",1962-02-28,"Ongoing","Raid",4,"None"
1961-07-01,"IRQ","SAU",1962-02-28,"Statlemate","Raid",4,"None"
1961-07-25,"USA","RUS",1961-10-28,"Statlemate","Blockade",4,"None"
1961-08-13,"UKG","RUS",1961-10-28,"Statlemate","Blockade",4,"None"
1961-08-13,"FRN","RUS",1961-10-28,"Statlemate","Blockade",4,"None"
1961-09-10,"IRQ","EGY",1962-02-28,"Ongoing","Raid",4,"None"
1961-09-10,"IRQ","EGY",1962-02-28,"Statlemate","Raid",4,"None"
1961-09-10,"IRQ","JOR",1962-02-28,"Ongoing","Raid",4,"None"
1961-09-10,"IRQ","JOR",1962-02-28,"Statlemate","Raid",4,"None"
1961-09-27,"SYR","ISR",1966-11-27,"Ongoing","Raid",4,"None"
1961-09-27,"SYR","ISR",1966-11-27,"Ongoing","Raid",4,"None"
1961-09-27,"SYR","ISR",1966-11-27,"Ongoing","Raid",4,"None"
1961-09-27,"SYR","ISR",1966-11-27,"Ongoing","Raid",4,"None"
1961-09-27,"SYR","ISR",1966-11-27,"Ongoing","Raid",4,"None"
1961-09-27,"SYR","ISR",1966-11-27,"Statlemate","Raid",4,"26-100"
1961-10-15,"SYR","ISR",1963-09-08,"Ongoing","Raid",4,"None"
1961-10-15,"SYR","ISR",1963-09-08,"Ongoing","Raid",4,"None"
1961-10-15,"SYR","ISR",1963-09-08,"Statlemate","Raid",4,"26-100"
1962-01-28,"USA","RUS",1962-12-12,"Yield B","Raid",4,"None"
1962-02-14,"RUS","USA",1962-08-14,"Statlemate","Show of planes",3,"None"
1962-02-26,"USA","RUS",1962-02-26,"Statlemate","Show of troops",3,"None"
1962-03-30,"TUR","SYR",1962-03-30,"Statlemate","Clash",4,"0-25"
1962-05-05,"RUS","UKG",1962-11-24,"Compromise","Show of planes",3,"None"
1962-05-12,"RUS","USA",1962-05-24,"Compromise","Show of planes",3,"None"
1962-06-14,"JOR","ISR",1962-07-04,"Statlemate","Clash",4,"0-25"
1962-07-09,"IRQ","TUR",1962-08-19,"Statlemate","Raid",4,"0-25"
1962-08-17,"RUS","TUR",1962-08-17,"Statlemate","Raid",4,"None"
1962-10-01,"SAU","EGY",1963-12-22,"Ongoing","Clash",4,"None"
1962-10-01,"SAU","EGY",1963-12-22,"Statlemate","Clash",4,"None"
1962-10-05,"SAU","YAR",1963-12-22,"Ongoing","Clash",4,"None"
1962-10-05,"SAU","YAR",1963-12-22,"Statlemate","Clash",4,"None"
1962-10-21,"JOR","EGY",1962-12-22,"Statlemate","Clash",4,"None"
1962-10-21,"JOR","YAR",1962-12-22,"Statlemate","Clash",4,"None"
1962-10-22,"YAR","UKG",1965-06-30,"Ongoing","Raid",4,"None"
1962-10-22,"YAR","UKG",1965-06-30,"Ongoing","Raid",4,"None"
1962-10-22,"YAR","UKG",1965-06-30,"Ongoing","Raid",4,"None"
1962-10-22,"YAR","UKG",1965-06-30,"Statlemate","Raid",4,"None"
1962-11-11,"USA","EGY",1962-12-15,"Statlemate","Clash",4,"None"
1962-11-11,"USA","YAR",1962-12-15,"Statlemate","Clash",4,"None"
1963-01-29,"YAR","UKG",1963-02-27,"Win A","Raid",4,"0-25"
1963-02-05,"SYR","LEB",1963-02-05,"Statlemate","Border violation",3,"None"
1963-03-15,"RUS","USA",1963-03-15,"Statlemate","Border violation",3,"None"
1963-04-02,"RUS","USA",1963-04-02,"Statlemate","Raid",4,"None"
1963-07-23,"EGY","ISR",1963-07-23,"Statlemate","Clash",4,"None"
1963-08-19,"SYR","LEB",1963-11-08,"Compromise","Raid",4,"0-25"
1963-08-25,"JOR","ISR",1965-09-05,"Ongoing","Clash",4,"None"
1963-08-25,"JOR","ISR",1965-09-05,"Statlemate","Clash",4,"None"
1963-08-25,"JOR","ISR",1965-09-05,"Statlemate","Clash",4,"0-25"
1963-11-21,"RUS","IRN",1963-11-21,"Statlemate","Raid",4,"None"
1964-01-28,"USA","RUS",1964-03-27,"Released","Raid",4,"0-25"
1964-02-25,"USA","RUS",1965-04-18,"Ongoing","Show of troops",3,"None"
1964-02-25,"USA","RUS",1965-04-18,"Win B","Show of troops",3,"None"
1964-04-22,"EGY","ISR",1965-03-03,"Ongoing","Seizure",4,"None"
1964-04-22,"EGY","ISR",1965-03-03,"Statlemate","Seizure",4,"None"
1964-07-17,"RUS","USA",1964-07-17,"Statlemate","Raid",4,"None"
1964-09-01,"SAU","EGY",1964-09-01,"Statlemate","Threat to use force",2,"None"
1964-12-19,"EGY","USA",1964-12-19,"Statlemate","Raid",4,"None"
1965-04-06,"EGY","SAU",1965-08-24,"Compromise","Raid",4,"None"
1965-05-27,"SYR","TUR",1965-05-27,"Statlemate","Clash",4,"0-25"
1965-05-28,"RUS","UKG",1965-05-28,"Statlemate","Border violation",3,"None"
1965-07-28,"IRQ","TUR",1965-07-28,"Statlemate","Raid",4,"None"
1965-08-04,"YAR","SAU",1965-08-24,"Compromise","Mobilization",3,"None"
1965-10-28,"ISR","LEB",1965-10-28,"Statlemate","Raid",4,"None"
1965-12-18,"IRQ","IRN",1966-01-12,"Ongoing","Raid",4,"None"
1965-12-18,"IRQ","IRN",1966-01-12,"Statlemate","Raid",4,"0-25"
1966-02-18,"EGY","ISR",1966-11-29,"Statlemate","Raid",4,"None"
1966-02-24,"JOR","SYR",1966-12-29,"Statlemate","Raid",4,"0-25"
1966-05-01,"EGY","SAU",1967-05-14,"Ongoing","Raid",4,"None"
1966-05-01,"EGY","SAU",1967-05-14,"Statlemate","Raid",4,"None"
1966-05-01,"YAR","SAU",1967-05-14,"Ongoing","Threat to use force",2,"None"
1966-05-01,"YAR","SAU",1967-05-14,"Statlemate","Threat to use force",2,"None"
1966-05-23,"IRQ","IRN",1966-05-23,"Statlemate","Raid",4,"None"
1966-07-15,"RUS","USA",1966-07-15,"Statlemate","Raid",4,"None"
1966-09-17,"SYR","ISR",1966-11-27,"Statlemate","Raid",4,"None"
1966-09-24,"EGY","ISR",1966-11-27,"Statlemate","Raid",4,"None"
1966-10-10,"JOR","ISR",1966-10-10,"Statlemate","Raid",4,"None"
1966-12-16,"SYR","ISR",1967-06-10,"Ongoing","Threat to declare war",2,"None"
1966-12-16,"SYR","ISR",1967-06-10,"Win B","Begin Interstate War",5,"1,000+"
1966-12-31,"YAR","UKG",1967-04-22,"Ongoing","Raid",4,"None"
1966-12-31,"YAR","UKG",1967-04-22,"Statlemate","Raid",4,"None"
1967-01-15,"SAU","ISR",1967-01-15,"Statlemate","Show of Ships",3,"None"
1967-03-02,"USA","RUS",1967-03-22,"Statlemate","Seizure",4,"None"
1967-04-20,"IRQ","KUW",1967-04-30,"Statlemate","Border violation",3,"None"
1967-04-28,"USA","RUS",1967-04-28,"Statlemate","Show of planes",3,"None"
1967-04-30,"UKG","RUS",1967-04-30,"Statlemate","Seizure",4,"None"
1967-05-10,"RUS","USA",1967-05-17,"Statlemate","Raid",4,"None"
1967-05-14,"EGY","ISR",1967-06-10,"Win B","Begin Interstate War",5,"1,000+"
1967-05-17,"IRQ","ISR",1967-06-10,"Win B","Begin Interstate War",5,"1,000+"
1967-05-17,"JOR","ISR",1967-06-10,"Win B","Begin Interstate War",5,"1,000+"
1967-05-17,"SAU","ISR",1967-06-10,"Win B","Raid",4,"1,000+"
1967-05-17,"KUW","ISR",1967-06-10,"Win B","Mobilization",3,"1,000+"
1967-05-23,"RUS","ISR",1967-06-19,"Statlemate","Threat to use force",2,"None"
1967-06-10,"RUS","USA",1967-06-19,"Statlemate","Show of Ships",3,"None"
1967-06-15,"SYR","ISR",1967-11-27,"Statlemate","Clash",4,"None"
1967-06-26,"ISR","EGY",1970-08-07,"Ongoing","Clash",4,"None"
1967-06-26,"ISR","EGY",1970-08-07,"Ongoing","Clash",4,"None"
1967-06-26,"ISR","EGY",1970-08-07,"Ongoing","Begin Interstate War",5,"None"
1967-06-26,"ISR","EGY",1970-08-07,"Statlemate","Begin Interstate War",5,"1,000+"
1967-07-15,"ISR","JOR",1970-08-07,"Ongoing","Clash",4,"None"
1967-07-15,"ISR","JOR",1970-08-07,"Ongoing","Clash",4,"None"
1967-07-15,"ISR","JOR",1970-08-07,"Ongoing","Clash",4,"None"
1967-07-15,"ISR","JOR",1970-08-07,"Statlemate","Clash",4,"101-250"
1968-02-13,"USA","EGY",1968-02-13,"Statlemate","Show of planes",3,"None"
1968-05-12,"ISR","LEB",1968-06-15,"Statlemate","Raid",4,"None"
1968-09-03,"SYR","ISR",1971-10-17,"Ongoing","Clash",4,"None"
1968-09-03,"SYR","ISR",1971-10-17,"Ongoing","Clash",4,"None"
1968-09-03,"SYR","ISR",1971-10-17,"Ongoing","Clash",4,"None"
1968-09-03,"SYR","ISR",1971-10-17,"Statlemate","Clash",4,"None"
1969-04-06,"IRQ","IRN",1969-06-13,"Statlemate","Raid",4,"None"
1969-04-18,"RUS","USA",1969-04-27,"Statlemate","Show of Ships",3,"None"
1969-05-01,"SYR","LEB",1969-11-13,"Compromise","Clash",4,"None"
1969-09-14,"IRN","IRQ",1969-09-14,"Statlemate","Clash",4,"26-100"
1969-11-05,"YAR","SAU",1970-01-13,"Ongoing","Raid",4,"None"
1969-11-05,"YAR","SAU",1970-01-13,"Statlemate","Raid",4,"None"
1969-11-26,"YPR","SAU",1969-12-12,"Statlemate","Raid",4,"0-25"
1970-01-20,"IRQ","IRN",1970-02-05,"Statlemate","Seizure",4,"None"
1970-04-18,"ISR","RUS",1970-07-30,"Statlemate","Clash",4,"1,000+"
1970-06-11,"IRQ","USA",1970-09-26,"Statlemate","Fortify border",3,"101-250"
1970-06-11,"SYR","USA",1970-09-26,"Statlemate","Show of Ships",3,"None"
1970-06-11,"SYR","JOR",1970-09-26,"Win B","Raid",4,"101-250"
1970-06-11,"SYR","ISR",1970-09-26,"Win B","Mobilization",3,"None"
1970-08-02,"IRQ","JOR",1970-09-26,"Win B","Fortify border",3,"None"
1970-08-08,"EGY","ISR",1971-10-17,"Ongoing","Raid",4,"None"
1970-08-08,"EGY","ISR",1971-10-17,"Statlemate","Raid",4,"None"
1970-09-18,"RUS","USA",1970-09-26,"Statlemate","Show of planes",3,"None"
1970-09-18,"RUS","UKG",1970-09-26,"Statlemate","Show of planes",3,"None"
1970-10-21,"USA","RUS",1970-11-10,"Released","Seizure",4,"None"
1971-04-14,"IRN","IRQ",1971-05-31,"Statlemate","Clash",4,"0-25"
1971-07-20,"SYR","JOR",1971-08-13,"Statlemate","Clash",4,"None"
1971-10-18,"SYR","ISR",1973-10-24,"Ongoing","Mobilization",3,"None"
1971-10-18,"SYR","ISR",1973-10-24,"Ongoing","Mobilization",3,"None"
1971-10-18,"SYR","ISR",1973-10-24,"Win B","Begin Interstate War",5,"1,000+"
1971-10-25,"YAR","YPR",1972-10-28,"Ongoing","Raid",4,"None"
1971-10-25,"YAR","YPR",1972-10-28,"Compromise","Raid",4,"None"
1971-11-06,"RUS","ISR",1971-11-06,"Statlemate","Border violation",3,"None"
1971-11-17,"EGY","ISR",1973-10-24,"Ongoing","Mobilization",3,"None"
1971-11-17,"EGY","ISR",1973-10-24,"Ongoing","Mobilization",3,"None"
1971-11-17,"EGY","ISR",1973-10-24,"Win B","Begin Interstate War",5,"1,000+"
1971-11-30,"IRN","IRQ",1972-06-03,"Ongoing","Clash",4,"None"
1971-11-30,"IRN","IRQ",1972-06-03,"Statlemate","Clash",4,"0-25"
1972-01-17,"USA","RUS",1972-01-22,"Statlemate","Seizure",4,"None"
1972-12-21,"IRQ","KUW",1973-04-08,"Ongoing","Clash",4,"None"
1972-12-21,"IRQ","KUW",1973-04-08,"Yield A","Clash",4,"0-25"
1973-01-02,"IRQ","IRN",1975-03-13,"Ongoing","Raid",4,"None"
1973-01-02,"IRQ","IRN",1975-03-13,"Ongoing","Raid",4,"None"
1973-01-02,"IRQ","IRN",1975-03-13,"Compromise","Raid",4,"101-250"
1973-02-21,"ISR","LIB",1973-02-21,"Statlemate","Raid",4,"None"
1973-03-21,"LIB","USA",1973-03-21,"Statlemate","Raid",4,"None"
1973-03-28,"IRQ","SAU",1973-04-08,"Yield A","Clash",4,"0-25"
1973-10-06,"JOR","ISR",1973-10-24,"Win B","Begin Interstate War",5,"1,000+"
1973-10-09,"USA","RUS",1973-10-31,"Statlemate","Alert",3,"None"
1973-10-09,"ISR","RUS",1973-10-31,"Statlemate","Alert",3,"None"
1973-10-10,"IRQ","ISR",1973-10-24,"Win B","Begin Interstate War",5,"1,000+"
1973-10-10,"SAU","ISR",1973-10-24,"Win B","Begin Interstate War",5,"1,000+"
1973-10-25,"EGY","ISR",1975-07-25,"Ongoing","Clash",4,"None"
1973-10-25,"EGY","ISR",1975-07-25,"Ongoing","Clash",4,"None"
1973-10-25,"EGY","ISR",1975-07-25,"Statlemate","Clash",4,"None"
1973-11-07,"SYR","ISR",1974-05-31,"Ongoing","Raid",4,"None"
1973-11-07,"SYR","ISR",1974-05-31,"Win B","Raid",4,"None"
1974-04-12,"ISR","LEB",1975-12-05,"Ongoing","Raid",4,"None"
1974-04-12,"ISR","LEB",1975-12-05,"Statlemate","Raid",4,"None"
1974-04-15,"ISR","EGY",1974-12-18,"Statlemate","Raid",4,"None"
1974-06-08,"SYR","ISR",1975-10-20,"Ongoing","Seizure",4,"None"
1974-06-08,"SYR","ISR",1975-10-20,"Statlemate","Seizure",4,"None"
1974-08-02,"RUS","ISR",1974-08-28,"Statlemate","Border violation",3,"None"
1975-03-07,"IRQ","KUW",1975-06-05,"Compromise","Raid",4,"None"
1975-08-04,"EGY","LIB",1975-10-12,"Statlemate","Raid",4,"None"
1975-10-15,"EGY","ISR",1976-03-06,"Ongoing","Threat to use force",2,"None"
1975-10-15,"EGY","ISR",1976-03-06,"Statlemate","Threat to use force",2,"None"
1975-11-26,"ISR","SYR",1977-09-23,"Ongoing","Raid",4,"None"
1975-11-26,"ISR","SYR",1977-09-23,"Ongoing","Raid",4,"None"
1975-11-26,"ISR","SYR",1977-09-23,"Statlemate","Raid",4,"None"
1976-04-05,"SYR","UKG",1976-04-05,"Statlemate","Raid",4,"None"
1976-04-12,"SAU","ISR",1976-04-13,"Released","Seizure",4,"None"
1976-06-06,"IRQ","SYR",1976-11-25,"Compromise","Show of troops",3,"None"
1976-08-31,"ISR","USA",1976-09-06,"Compromise","Clash",4,"None"
1976-11-25,"IRN","YPR",1976-11-25,"Statlemate","Raid",4,"None"
1977-04-09,"USA","RUS",1977-04-10,"Released","Seizure",4,"None"
1977-07-12,"EGY","LIB",1977-09-10,"Statlemate","Clash",4,"101-250"
1977-09-20,"LEB","ISR",1978-06-13,"Ongoing","Clash",4,"None"
1977-09-20,"LEB","ISR",1978-06-13,"Unclear","Clash",4,"101-250"
1977-11-14,"ISR","EGY",1977-11-19,"Statlemate","Alert",3,"None"
1978-04-15,"LIB","FRN",1980-03-08,"Ongoing","Clash",4,"None"
1978-04-15,"LIB","FRN",1980-03-08,"Ongoing","Clash",4,"None"
1978-04-15,"LIB","FRN",1980-03-08,"Win A","Clash",4,"None"
1978-06-21,"IRN","RUS",1978-06-21,"Statlemate","Raid",4,"0-25"
1978-07-01,"ISR","SYR",1978-07-11,"Statlemate","Clash",4,"None"
1978-07-02,"YPR","YAR",1979-03-17,"Ongoing","Clash",4,"None"
1978-07-02,"YPR","YAR",1979-03-17,"Compromise","Clash",4,"None"
1978-08-06,"EGY","LIB",1978-08-08,"Statlemate","Alert",3,"None"
1978-11-19,"RUS","USA",1979-01-02,"Ongoing","Show of Ships",3,"None"
1978-11-19,"RUS","USA",1979-01-02,"Yield B","Show of Ships",3,"None"
1979-02-09,"LIB","EGY",1979-05-13,"Statlemate","Show of troops",3,"None"
1979-02-27,"IRQ","IRN",1979-06-19,"Statlemate","Raid",4,"None"
1979-06-27,"SYR","ISR",1980-02-28,"Ongoing","Raid",4,"None"
1979-06-27,"SYR","ISR",1980-02-28,"Statlemate","Raid",4,"0-25"
1979-07-03,"ISR","EGY",1979-07-03,"Compromise","Show of planes",3,"None"
1979-08-09,"RUS","USA",1979-08-10,"Released","Seizure",4,"None"
1979-08-13,"USA","LIB",1979-08-13,"Statlemate","Show of Ships",3,"None"
1979-08-31,"RUS","USA",1979-11-20,"Statlemate","Show of troops",3,"None"
1979-10-24,"IRQ","IRN",1988-07-31,"Ongoing","Raid",4,"None"
1979-10-24,"IRQ","IRN",1988-07-31,"Ongoing","Begin Interstate War",5,"None"
1979-10-24,"IRQ","IRN",1988-07-31,"Ongoing","Begin Interstate War",5,"None"
1979-10-24,"IRQ","IRN",1988-07-31,"Ongoing","Begin Interstate War",5,"None"
1979-10-24,"IRQ","IRN",1988-07-31,"Ongoing","Begin Interstate War",5,"None"
1979-10-24,"IRQ","IRN",1988-07-31,"Ongoing","Begin Interstate War",5,"None"
1979-10-24,"IRQ","IRN",1988-07-31,"Ongoing","Begin Interstate War",5,"None"
1979-10-24,"IRQ","IRN",1988-07-31,"Ongoing","Begin Interstate War",5,"None"
1979-10-24,"IRQ","IRN",1988-07-31,"Ongoing","Begin Interstate War",5,"None"
1979-10-24,"IRQ","IRN",1988-07-31,"Win B","Begin Interstate War",5,"1,000+"
1979-11-04,"IRN","USA",1981-01-21,"Ongoing","Raid",4,"None"
1979-11-04,"IRN","USA",1981-01-21,"Ongoing","Raid",4,"None"
1979-11-04,"IRN","USA",1981-01-21,"Released","Raid",4,"None"
1980-01-19,"RUS","IRN",1980-03-04,"Statlemate","Show of troops",3,"None"
1980-01-27,"FRN","LIB",1980-01-30,"Statlemate","Show of Ships",3,"None"
1980-02-03,"SAU","YAR",1980-02-15,"Statlemate","Clash",4,"0-25"
1980-03-13,"USA","RUS",1980-03-19,"Statlemate","Show of Ships",3,"None"
1980-03-13,"UKG","RUS",1980-03-19,"Statlemate","Show of Ships",3,"None"
1980-03-14,"EGY","LIB",1980-12-08,"Statlemate","Fortify border",3,"None"
1980-08-24,"SYR","ISR",1981-07-25,"Ongoing","Clash",4,"None"
1980-08-24,"SYR","ISR",1981-07-25,"Statlemate","Clash",4,"0-25"
1980-08-24,"LEB","ISR",1981-07-25,"Ongoing","Clash",4,"None"
1980-08-24,"LEB","ISR",1981-07-25,"Statlemate","Clash",4,"0-25"
1980-11-13,"IRN","KUW",1980-11-16,"Statlemate","Raid",4,"None"
1980-11-26,"SYR","JOR",1981-01-08,"Ongoing","Show of troops",3,"None"
1980-11-26,"SYR","JOR",1981-01-08,"Statlemate","Show of troops",3,"None"
1980-12-09,"SYR","ISR",1981-01-08,"Ongoing","Show of troops",3,"None"
1980-12-09,"SYR","ISR",1981-01-08,"Statlemate","Show of troops",3,"None"
1980-12-13,"FRN","LIB",1981-11-15,"Ongoing","Show of troops",3,"None"
1980-12-13,"FRN","LIB",1981-11-15,"Statlemate","Show of troops",3,"None"
1981-05-12,"USA","RUS",1981-05-14,"Released","Seizure",4,"None"
1981-06-07,"ISR","IRQ",1981-06-07,"Win A","Border violation",3,"None"
1981-08-18,"USA","LIB",1981-08-21,"Statlemate","Raid",4,"None"
1981-08-20,"EGY","LIB",1981-08-21,"Statlemate","Raid",4,"None"
1981-09-21,"IRN","TUR",1981-09-21,"Statlemate","Clash",4,"0-25"
1981-10-01,"IRN","KUW",1981-10-01,"Statlemate","Raid",4,"None"
1981-11-09,"ISR","SAU",1981-11-09,"Statlemate","Border violation",3,"None"
1981-11-09,"LIB","USA",1981-12-06,"Statlemate","Show of planes",3,"None"
1981-11-09,"LIB","EGY",1981-12-06,"Statlemate","Show of planes",3,"None"
1981-12-28,"ISR","IRQ",1982-01-03,"Ongoing","Border violation",3,"None"
1981-12-28,"ISR","IRQ",1982-01-03,"Statlemate","Border violation",3,"None"
1982-02-03,"USA","LIB",1982-02-03,"Statlemate","Show of planes",3,"None"
1982-02-22,"SYR","JOR",1982-02-24,"Statlemate","Raid",4,"None"
1982-03-03,"LIB","USA",1982-03-03,"Statlemate","Threat to use force",2,"None"
1982-04-11,"ISR","LEB",1985-06-05,"Ongoing","Raid",4,"None"
1982-04-11,"ISR","LEB",1985-06-05,"Ongoing","Raid",4,"None"
1982-04-11,"ISR","LEB",1985-06-05,"Ongoing","Raid",4,"None"
1982-04-11,"ISR","LEB",1985-06-05,"Yield B","Raid",4,"1,000+"
1982-04-13,"SYR","IRQ",1982-04-13,"Statlemate","Show of planes",3,"None"
1982-06-05,"ISR","SYR",1982-06-10,"Win A","Begin Interstate War",5,"1,000+"
1982-09-30,"RUS","USA",1983-01-24,"Ongoing","Occupation of territory",4,"None"
1982-09-30,"RUS","USA",1983-01-24,"Statlemate","Occupation of territory",4,"None"
1982-10-04,"SYR","ISR",1984-06-14,"Ongoing","Raid",4,"None"
1982-10-04,"SYR","ISR",1984-06-14,"Ongoing","Raid",4,"None"
1982-10-04,"SYR","ISR",1984-06-14,"Statlemate","Raid",4,"None"
1982-12-03,"USA","YPR",1982-12-07,"Statlemate","Show of troops",3,"None"
1982-12-16,"RUS","USA",1982-12-16,"Statlemate","Show of planes",3,"None"
1983-01-20,"EGY","ISR",1983-01-21,"Yield A","Show of troops",3,"None"
1983-02-17,"LIB","USA",1983-02-20,"Yield B","Show of planes",3,"None"
1983-02-18,"LIB","EGY",1983-02-20,"Yield A","Show of planes",3,"None"
1983-02-26,"USA","IRN",1983-07-26,"Statlemate","Raid",4,"None"
1983-04-30,"RUS","IRN",1983-04-30,"Statlemate","Raid",4,"None"
1983-08-01,"USA","LIB",1983-08-10,"Statlemate","Show of planes",3,"None"
1983-08-02,"LIB","USA",1983-08-24,"Statlemate","Raid",4,"None"
1983-08-09,"LIB","FRN",1984-10-20,"Ongoing","Raid",4,"None"
1983-08-09,"LIB","FRN",1984-10-20,"Statlemate","Raid",4,"None"
1983-08-16,"EGY","ISR",1985-07-05,"Ongoing","Seizure",4,"None"
1983-08-16,"EGY","ISR",1985-07-05,"Ongoing","Seizure",4,"None"
1983-08-16,"EGY","ISR",1985-07-05,"Released","Seizure",4,"None"
1983-09-03,"SYR","USA",1984-04-01,"Ongoing","Clash",4,"None"
1983-09-03,"SYR","USA",1984-04-01,"Statlemate","Clash",4,"None"
1983-11-24,"RUS","USA",1984-05-20,"Ongoing","Show of planes",3,"None"
1983-11-24,"RUS","USA",1984-05-20,"Statlemate","Show of planes",3,"None"
1983-12-28,"SAU","YAR",1984-01-16,"Ongoing","Clash",4,"None"
1983-12-28,"SAU","YAR",1984-01-16,"Statlemate","Clash",4,"None"
1984-02-19,"USA","IRN",1984-04-30,"Statlemate","Show of Ships",3,"None"
1984-03-08,"LIB","EGY",1984-03-19,"Yield A","Raid",4,"None"
1984-03-08,"IRQ","UKG",1984-03-08,"Statlemate","Raid",4,"None"
1984-03-19,"LIB","USA",1984-03-19,"Yield B","Raid",4,"None"
1984-04-26,"IRN","SAU",1984-07-05,"Statlemate","Raid",4,"None"
1984-05-09,"IRN","SAU",1984-07-23,"Statlemate","Raid",4,"None"
1984-05-14,"IRN","KUW",1984-07-23,"Statlemate","Raid",4,"None"
1984-05-29,"IRN","QAT",1984-06-01,"Statlemate","Raid",4,"None"
1984-05-29,"IRN","UAE",1984-06-01,"Statlemate","Raid",4,"None"
1984-06-03,"IRQ","TUR",1984-06-03,"Statlemate","Raid",4,"None"
1984-07-10,"IRN","UKG",1984-10-24,"Statlemate","Raid",4,"None"
1984-08-22,"FRN","LIB",1984-08-22,"Statlemate","Seizure",4,"None"
1984-09-12,"RUS","USA",1984-09-19,"Released","Seizure",4,"None"
1985-02-19,"IRQ","KUW",1985-02-19,"Statlemate","Raid",4,"None"
1985-02-20,"IRN","KUW",1985-02-20,"Statlemate","Raid",4,"None"
1985-02-21,"IRN","SAU",1985-02-21,"Statlemate","Raid",4,"None"
1985-03-19,"IRN","UKG",1985-03-19,"Statlemate","Raid",4,"None"
1985-03-24,"USA","RUS",1985-09-07,"Statlemate","Raid",4,"0-25"
1985-06-13,"SYR","ISR",1986-08-07,"Ongoing","Raid",4,"None"
1985-06-13,"SYR","ISR",1986-08-07,"Statlemate","Raid",4,"0-25"
1985-07-10,"IRQ","TUR",1985-07-13,"Statlemate","Raid",4,"None"
1985-08-28,"LIB","EGY",1985-12-02,"Statlemate","Alert",3,"None"
1985-09-24,"LIB","USA",1985-09-30,"Statlemate","Show of Ships",3,"None"
1985-10-18,"IRN","FRN",1985-10-18,"Statlemate","Show of Ships",3,"None"
1985-11-16,"IRN","USA",1986-03-14,"Ongoing","Show of Ships",3,"None"
1985-11-16,"IRN","USA",1986-03-14,"Yield B","Show of Ships",3,"None"
1985-11-16,"IRN","UKG",1986-01-14,"Ongoing","Show of Ships",3,"None"
1985-11-16,"IRN","UKG",1986-01-14,"Yield B","Show of Ships",3,"None"
1985-11-16,"IRN","SAU",1986-03-16,"Ongoing","Show of Ships",3,"None"
1985-11-16,"IRN","SAU",1986-03-16,"Yield A","Show of Ships",3,"None"
1985-11-16,"IRN","KUW",1986-03-16,"Ongoing","Alert",3,"None"
1985-11-16,"IRN","KUW",1986-03-16,"Yield A","Alert",3,"None"
1986-01-07,"RUS","USA",1986-01-07,"Statlemate","Show of Ships",3,"None"
1986-01-13,"IRN","USA",1986-01-14,"Statlemate","Raid",4,"None"
1986-01-13,"LIB","USA",1986-04-15,"Yield B","Raid",4,"None"
1986-02-04,"ISR","LIB",1986-02-04,"Released","Raid",4,"None"
1986-02-15,"LIB","FRN",1987-09-11,"Ongoing","Raid",4,"None"
1986-02-15,"LIB","FRN",1987-09-11,"Statlemate","Raid",4,"None"
1986-03-02,"IRN","TUR",1986-03-02,"Statlemate","Raid",4,"None"
1986-03-13,"USA","RUS",1986-03-13,"Statlemate","Show of Ships",3,"None"
1986-04-06,"IRN","SAU",1986-05-01,"Statlemate","Raid",4,"None"
1986-08-27,"IRN","TUR",1986-08-27,"Statlemate","Threat to use force",2,"None"
1986-08-29,"IRN","SAU",1986-08-29,"Statlemate","Threat to blockade",2,"None"
1986-08-29,"IRN","KUW",1986-08-29,"Statlemate","Threat to blockade",2,"None"
1986-08-29,"IRN","QAT",1986-08-29,"Statlemate","Threat to blockade",2,"None"
1986-08-29,"IRN","UAE",1986-08-29,"Statlemate","Threat to blockade",2,"None"
1986-09-03,"IRN","RUS",1986-09-03,"Statlemate","Raid",4,"None"
1986-09-23,"IRN","UKG",1986-11-26,"Statlemate","Raid",4,"None"
1986-10-22,"IRN","KUW",1986-10-22,"Statlemate","Raid",4,"None"
1987-01-27,"USA","IRN",1988-07-03,"Ongoing","Raid",4,"None"
1987-01-27,"USA","IRN",1988-07-03,"Statlemate","Raid",4,"None"
1987-04-21,"RUS","IRN",1987-11-02,"Statlemate","Raid",4,"None"
1987-05-11,"IRN","KUW",1988-05-20,"Ongoing","Raid",4,"None"
1987-05-11,"IRN","KUW",1988-05-20,"Statlemate","Raid",4,"None"
1987-05-17,"IRQ","USA",1987-05-18,"Statlemate","Raid",4,"26-100"
1987-05-22,"IRN","QAT",1987-05-22,"Statlemate","Raid",4,"None"
1987-06-01,"IRN","TUR",1988-03-27,"Ongoing","Raid",4,"None"
1987-06-01,"IRN","TUR",1988-03-27,"Statlemate","Raid",4,"0-25"
1987-06-30,"IRN","FRN",1988-01-20,"Ongoing","Raid",4,"None"
1987-06-30,"IRN","FRN",1988-01-20,"Statlemate","Raid",4,"None"
1987-07-28,"SYR","IRQ",1987-07-28,"Statlemate","Raid",4,"None"
1987-08-02,"IRN","SAU",1988-04-24,"Ongoing","Raid",4,"None"
1987-08-02,"IRN","SAU",1988-04-24,"Statlemate","Raid",4,"None"
1987-08-21,"IRQ","TUR",1987-09-23,"Statlemate","Raid",4,"None"
1988-02-12,"IRQ","USA",1988-02-12,"Statlemate","Raid",4,"None"
1988-04-19,"IRN","UAE",1988-04-19,"Statlemate","Raid",4,"None"
1988-05-14,"IRQ","UKG",1988-05-14,"Statlemate","Raid",4,"None"
1988-07-02,"IRN","USA",1988-07-02,"Statlemate","Raid",4,"None"
1988-12-30,"USA","LIB",1989-01-04,"Ongoing","Raid",4,"None"
1988-12-30,"USA","LIB",1989-01-04,"Statlemate","Raid",4,"None"
1989-02-17,"IRQ","IRN",1989-03-13,"Statlemate","Raid",4,"0-25"
1989-06-03,"EGY","ISR",1989-06-03,"Statlemate","Raid",4,"None"
1989-10-21,"SYR","TUR",1989-10-21,"Statlemate","Raid",4,"None"
1989-10-25,"IRN","IRQ",1989-10-25,"Statlemate","Clash",4,"None"
1989-11-30,"FRN","LEB",1990-02-12,"Ongoing","Show of troops",3,"None"
1989-11-30,"FRN","LEB",1990-02-12,"Statlemate","Show of troops",3,"None"
1990-04-02,"IRQ","ISR",1991-02-28,"Ongoing","Raid",4,"None"
1990-04-02,"IRQ","ISR",1991-02-28,"Statlemate","Raid",4,"None"
1990-05-04,"ISR","JOR",1991-03-03,"Ongoing","Fortify border",3,"None"
1990-05-04,"ISR","JOR",1991-03-03,"Statlemate","Fortify border",3,"None"
1990-05-28,"IRQ","KUW",1990-08-03,"Win A","Raid",4,"1,000+"
1990-07-16,"IRQ","UAE",1991-03-03,"Ongoing","Raid",4,"None"
1990-07-16,"IRQ","UAE",1991-03-03,"Win B","Raid",4,"None"
1990-07-24,"IRQ","USA",1991-03-03,"Ongoing","Fortify border",3,"None"
1990-07-24,"IRQ","USA",1991-03-03,"Win B","Begin Interstate War",5,"1,000+"
1990-08-03,"IRQ","SAU",1991-03-03,"Ongoing","Fortify border",3,"None"
1990-08-03,"IRQ","SAU",1991-03-03,"Win B","Begin Interstate War",5,"1,000+"
1990-08-08,"IRQ","FRN",1991-03-03,"Ongoing","Fortify border",3,"None"
1990-08-08,"IRQ","FRN",1991-03-03,"Win B","Begin Interstate War",5,"1,000+"
1990-08-09,"JOR","USA",1991-03-03,"Ongoing","Threat to use force",2,"None"
1990-08-09,"JOR","USA",1991-03-03,"Statlemate","Threat to use force",2,"None"
1990-08-09,"IRQ","UKG",1991-03-03,"Ongoing","Fortify border",3,"None"
1990-08-09,"IRQ","UKG",1991-03-03,"Win B","Begin Interstate War",5,"1,000+"
1990-08-09,"JOR","UKG",1991-03-03,"Ongoing","Threat to use force",2,"None"
1990-08-09,"JOR","UKG",1991-03-03,"Statlemate","Threat to use force",2,"None"
1990-08-09,"JOR","FRN",1991-03-03,"Ongoing","Threat to use force",2,"None"
1990-08-09,"JOR","FRN",1991-03-03,"Statlemate","Threat to use force",2,"None"
1990-08-11,"IRQ","TUR",1991-03-03,"Ongoing","Show of troops",3,"None"
1990-08-11,"IRQ","TUR",1991-03-03,"Win B","Show of troops",3,"None"
1990-08-11,"IRQ","EGY",1991-03-03,"Ongoing","Fortify border",3,"None"
1990-08-11,"IRQ","EGY",1991-03-03,"Win B","Begin Interstate War",5,"1,000+"
1990-08-14,"IRQ","SYR",1991-03-03,"Ongoing","Fortify border",3,"None"
1990-08-14,"IRQ","SYR",1991-03-03,"Win B","Begin Interstate War",5,"1,000+"
1991-01-22,"IRQ","QAT",1991-03-03,"Win B","Raid",4,"None"
1991-03-15,"USA","IRQ",1991-12-31,"Unclear","Raid",4,"None"
1991-04-09,"UKG","IRQ",1991-10-10,"Unclear","Raid",4,"None"
1991-04-09,"FRN","IRQ",1991-10-10,"Unclear","Raid",4,"None"
1991-05-21,"IRN","USA",1991-05-21,"Statlemate","Raid",4,"None"
1991-08-05,"TUR","IRQ",1991-10-27,"Statlemate","Raid",4,"None"
1991-08-07,"IRQ","KUW",1991-08-29,"Statlemate","Raid",4,"None"
1991-10-04,"ISR","IRQ",1991-10-04,"Statlemate","Border violation",3,"None"
1992-04-05,"IRN","IRQ",1992-09-08,"Statlemate","Raid",4,"None"
1992-04-15,"IRN","UAE",1992-04-18,"Statlemate","Show of troops",3,"None"
1992-07-26,"USA","IRQ",1993-12-23,"Ongoing","Clash",4,"None"
1992-07-26,"USA","IRQ",1993-12-23,"Statlemate","Clash",4,"None"
1992-08-02,"KUW","IRQ",1993-01-17,"Ongoing","Clash",4,"None"
1992-08-02,"KUW","IRQ",1993-01-17,"Statlemate","Clash",4,"None"
1992-08-26,"UKG","IRQ",1993-01-18,"Ongoing","Clash",4,"None"
1992-08-26,"UKG","IRQ",1993-01-18,"Statlemate","Clash",4,"None"
1992-08-26,"FRN","IRQ",1993-01-21,"Ongoing","Clash",4,"None"
1992-08-26,"FRN","IRQ",1993-01-21,"Statlemate","Clash",4,"None"
1992-09-30,"SAU","QAT",1992-10-23,"Compromise","Occupation of territory",4,"None"
1992-10-07,"IRQ","KUW",1994-01-02,"Ongoing","Clash",4,"None"
1992-10-07,"IRQ","KUW",1994-01-02,"Ongoing","Clash",4,"None"
1992-10-07,"IRQ","KUW",1994-01-02,"Statlemate","Clash",4,"0-25"
1993-01-06,"RUS","IRQ",1993-01-14,"Unclear","Threat to use force",2,"None"
1993-01-11,"IRQ","USA",1993-01-20,"Statlemate","Threat to use force",2,"None"
1993-01-12,"IRQ","UKG",1993-01-13,"Statlemate","Threat to use force",2,"None"
1993-01-12,"IRQ","FRN",1993-01-13,"Statlemate","Threat to use force",2,"None"
1993-03-11,"EGY","IRN",1993-03-11,"Statlemate","Threat to use force",2,"None"
1993-03-13,"IRN","IRQ",1993-07-25,"Statlemate","Raid",4,"None"
1993-04-06,"ISR","LEB",2006-09-08,"Ongoing","Clash",4,"None"
1993-04-06,"ISR","LEB",2006-09-08,"Ongoing","Clash",4,"None"
1993-04-06,"ISR","LEB",2006-09-08,"Ongoing","Clash",4,"None"
1993-04-06,"ISR","LEB",2006-09-08,"Ongoing","Clash",4,"None"
1993-04-06,"ISR","LEB",2006-09-08,"Ongoing","Clash",4,"None"
1993-04-06,"ISR","LEB",2006-09-08,"Ongoing","Clash",4,"None"
1993-04-06,"ISR","LEB",2006-09-08,"Ongoing","Clash",4,"None"
1993-04-06,"ISR","LEB",2006-09-08,"Ongoing","Clash",4,"None"
1993-04-06,"ISR","LEB",2006-09-08,"Ongoing","Clash",4,"None"
1993-04-06,"ISR","LEB",2006-09-08,"Ongoing","Clash",4,"None"
1993-04-06,"ISR","LEB",2006-09-08,"Ongoing","Clash",4,"None"
1993-04-06,"ISR","LEB",2006-09-08,"Ongoing","Clash",4,"None"
1993-04-06,"ISR","LEB",2006-09-08,"Ongoing","Clash",4,"None"
1993-04-06,"ISR","LEB",2006-09-08,"Compromise","Begin Interstate War",5,"101-250"
1993-06-26,"USA","IRQ",1993-06-28,"Statlemate","Raid",4,"None"
1993-07-01,"SAU","IRQ",1993-07-04,"Unclear","Raid",4,"None"
1993-07-12,"ISR","SYR",2001-07-01,"Ongoing","Clash",4,"None"
1993-07-12,"ISR","SYR",2001-07-01,"Ongoing","Clash",4,"None"
1993-07-12,"ISR","SYR",2001-07-01,"Ongoing","Clash",4,"None"
1993-07-12,"ISR","SYR",2001-07-01,"Ongoing","Clash",4,"None"
1993-07-12,"ISR","SYR",2001-07-01,"Ongoing","Clash",4,"None"
1993-07-12,"ISR","SYR",2001-07-01,"Ongoing","Clash",4,"None"
1993-07-12,"ISR","SYR",2001-07-01,"Ongoing","Clash",4,"None"
1993-07-12,"ISR","SYR",2001-07-01,"Ongoing","Clash",4,"None"
1993-07-12,"ISR","SYR",2001-07-01,"Statlemate","Clash",4,"0-25"
1993-09-07,"RUS","TUR",1993-09-07,"Unclear","Raid",4,"None"
1994-08-02,"USA","IRQ",1995-10-09,"Ongoing","Fortify border",3,"None"
1994-08-02,"USA","IRQ",1995-10-09,"Statlemate","Fortify border",3,"None"
1994-08-02,"KUW","IRQ",1995-10-09,"Ongoing","Fortify border",3,"None"
1994-08-02,"KUW","IRQ",1995-10-09,"Statlemate","Fortify border",3,"None"
1994-10-07,"UKG","IRQ",1994-10-20,"Statlemate","Fortify border",3,"None"
1994-10-09,"FRN","IRQ",1994-10-20,"Statlemate","Fortify border",3,"None"
1994-10-15,"UAE","IRQ",1994-10-20,"Statlemate","Fortify border",3,"None"
1994-11-06,"IRN","IRQ",1994-11-06,"Statlemate","Raid",4,"None"
1995-03-20,"TUR","IRQ",1995-07-10,"Statlemate","Occupation of territory",4,"None"
1995-06-27,"QAT","SAU",1995-06-28,"Statlemate","Alert",3,"None"
1996-06-01,"SYR","USA",1996-06-30,"Statlemate","Threat to use force",2,"None"
1996-06-01,"SYR","TUR",1996-06-30,"Statlemate","Fortify border",3,"None"
1996-06-26,"TUR","IRN",1996-06-26,"Statlemate","Raid",4,"None"
1996-07-13,"TUR","RUS",1996-07-13,"Statlemate","Raid",4,"None"
1996-07-27,"IRN","IRQ",1997-01-31,"Ongoing","Raid",4,"None"
1996-07-27,"IRN","IRQ",1997-01-31,"Statlemate","Raid",4,"None"
1996-08-30,"USA","IRQ",1996-11-04,"Yield B","Raid",4,"None"
1996-09-04,"KUW","IRQ",1996-09-06,"Yield B","Alert",3,"None"
1996-09-05,"TUR","IRQ",1999-02-17,"Ongoing","Raid",4,"None"
1996-09-05,"TUR","IRQ",1999-02-17,"Ongoing","Raid",4,"None"
1996-09-05,"TUR","IRQ",1999-02-17,"Ongoing","Raid",4,"None"
1996-09-05,"TUR","IRQ",1999-02-17,"Statlemate","Raid",4,"None"
1996-10-01,"KUW","IRQ",1997-09-25,"Ongoing","Clash",4,"None"
1996-10-01,"KUW","IRQ",1997-09-25,"Statlemate","Clash",4,"None"
1996-11-02,"UKG","IRQ",1996-11-02,"Yield B","Raid",4,"None"
1997-05-20,"SYR","TUR",1997-05-31,"Statlemate","Fortify border",3,"None"
1997-05-20,"IRN","TUR",1997-05-31,"Statlemate","Fortify border",3,"None"
1997-08-15,"USA","RUS",1997-08-31,"Statlemate","Seizure",4,"None"
1997-09-29,"IRN","IRQ",1998-04-30,"Ongoing","Raid",4,"None"
1997-09-29,"IRN","IRQ",1998-04-30,"Statlemate","Raid",4,"None"
1997-10-03,"USA","IRN",1997-10-03,"Yield B","Show of troops",3,"None"
1997-10-07,"USA","IRQ",2003-05-02,"Ongoing","Clash",4,"None"
1997-10-07,"USA","IRQ",2003-05-02,"Ongoing","Clash",4,"None"
1997-10-07,"USA","IRQ",2003-05-02,"Ongoing","Clash",4,"None"
1997-10-07,"USA","IRQ",2003-05-02,"Ongoing","Clash",4,"None"
1997-10-07,"USA","IRQ",2003-05-02,"Ongoing","Clash",4,"None"
1997-10-07,"USA","IRQ",2003-05-02,"Ongoing","Clash",4,"None"
1997-10-07,"USA","IRQ",2003-05-02,"Win A","Begin Interstate War",5,"1,000+"
1997-11-04,"KUW","IRQ",1999-10-22,"Ongoing","Fortify border",3,"None"
1997-11-04,"KUW","IRQ",1999-10-22,"Ongoing","Fortify border",3,"None"
1997-11-04,"KUW","IRQ",1999-10-22,"Statlemate","Fortify border",3,"None"
1997-11-14,"UKG","IRQ",2003-05-02,"Ongoing","Clash",4,"None"
1997-11-14,"UKG","IRQ",2003-05-02,"Ongoing","Clash",4,"None"
1997-11-14,"UKG","IRQ",2003-05-02,"Ongoing","Clash",4,"None"
1997-11-14,"UKG","IRQ",2003-05-02,"Ongoing","Clash",4,"None"
1997-11-14,"UKG","IRQ",2003-05-02,"Ongoing","Clash",4,"None"
1997-11-14,"UKG","IRQ",2003-05-02,"Ongoing","Clash",4,"None"
1997-11-14,"UKG","IRQ",2003-05-02,"Win A","Begin Interstate War",5,"1,000+"
1998-10-01,"TUR","SYR",1998-10-31,"Win A","Show of troops",3,"None"
1998-12-17,"ISR","IRQ",1998-12-20,"Statlemate","Mobilization",3,"None"
1999-01-11,"KUW","IRQ",1999-01-14,"Statlemate","Alert",3,"None"
1999-01-21,"IRQ","KUW",1999-01-21,"Statlemate","Show of troops",3,"None"
1999-02-15,"TUR","IRQ",1999-02-15,"Statlemate","Threat to use force",2,"None"
1999-02-15,"SAU","IRQ",2001-08-24,"Ongoing","Clash",4,"None"
1999-02-15,"SAU","IRQ",2001-08-24,"Ongoing","Clash",4,"None"
1999-02-15,"SAU","IRQ",2001-08-24,"Statlemate","Clash",4,"0-25"
1999-04-08,"RUS","USA",1999-04-19,"Statlemate","Alert",3,"None"
1999-04-08,"RUS","UKG",1999-04-19,"Statlemate","Alert",3,"None"
1999-04-08,"RUS","FRN",1999-04-19,"Statlemate","Alert",3,"None"
1999-04-08,"RUS","TUR",1999-04-19,"Statlemate","Alert",3,"None"
1999-04-15,"RUS","TUR",1999-04-30,"Statlemate","Show of troops",3,"None"
1999-06-10,"IRN","IRQ",1999-06-10,"Statlemate","Raid",4,"None"
1999-06-11,"UKG","RUS",1999-06-11,"Yield A","Alert",3,"None"
1999-07-18,"TUR","IRN",1999-07-18,"Statlemate","Raid",4,"None"
1999-09-29,"TUR","IRQ",1999-09-29,"Statlemate","Occupation of territory",4,"None"
1999-10-22,"FRN","IRQ",1999-10-22,"Statlemate","Show of troops",3,"None"
1999-10-22,"EGY","IRQ",1999-10-22,"Statlemate","Show of troops",3,"None"
1999-10-22,"JOR","IRQ",1999-10-22,"Statlemate","Show of troops",3,"None"
1999-10-22,"UAE","IRQ",1999-10-22,"Statlemate","Show of troops",3,"None"
2000-02-02,"USA","RUS",2000-04-30,"Released","Seizure",4,"None"
2000-06-18,"TUR","RUS",2000-09-13,"Statlemate","Clash",4,"0-25"
2000-07-25,"TUR","IRQ",2001-01-31,"Ongoing","Raid",4,"None"
2000-07-25,"TUR","IRQ",2001-01-31,"Statlemate","Raid",4,"None"
2000-08-10,"KUW","IRQ",2000-08-10,"Statlemate","Fortify border",3,"None"
2000-10-17,"RUS","USA",2000-11-09,"Statlemate","Show of troops",3,"None"
2000-11-01,"RUS","USA",2000-12-31,"Statlemate","Alert",3,"None"
2001-02-24,"KUW","IRQ",2003-03-18,"Ongoing","Fortify border",3,"None"
2001-02-24,"KUW","IRQ",2003-03-18,"Ongoing","Fortify border",3,"None"
2001-02-24,"KUW","IRQ",2003-03-18,"Statlemate","Fortify border",3,"None"
2001-08-24,"TUR","IRN",2001-08-25,"Statlemate","Show of troops",3,"None"
2001-08-25,"TUR","IRQ",2003-07-05,"Ongoing","Raid",4,"None"
2001-08-25,"TUR","IRQ",2003-07-05,"Ongoing","Raid",4,"None"
2001-08-25,"TUR","IRQ",2003-07-05,"Statlemate","Raid",4,"0-25"
