"name","date","dem"
"AFG",1816-07-26,-6
"AFG",1935-06-28,-6
"CHN",1816-07-26,-6
"CHN",1860-10-11,-6
"DEN",1816-07-26,-10
"DEN",1834-06-29,-10
"IRN",1816-07-26,-10
"IRN",1906-10-06,-10
"JPN",1816-07-26,-10
"JPN",1858-07-28,-10
"MOR",1816-07-26,-6
"MOR",1912-03-29,-6
"THI",1816-07-26,-10
"THI",1932-06-22,-10
"TUR",1816-07-26,-10
"TUR",1876-12-22,-10
"UKG",1816-07-26,-2
"UKG",1837-06-19,-2
"USA",1816-07-26,6
"USA",1825-03-02,6
"POR",1816-07-26,0
"POR",1820-08-28,0
"AUS",1816-07-26,-10
"AUS",1848-03-02,-10
"AUH",1816-07-26,-10
"AUH",1848-03-02,-10
"PAR",1816-07-26,-9
"PAR",1868-12-31,-9
"RUS",1816-07-26,-10
"RUS",1905-10-29,-10
"GMY",1816-07-26,-10
"GMY",1840-06-06,-10
"FRN",1816-07-26,-4
"FRN",1830-05-15,-4
"NOR",1816-07-26,-7
"NOR",1873-07-17,-7
"SPN",1816-07-26,-9
"SPN",1819-12-31,-9
"NTH",1816-07-26,-6
"NTH",1840-10-06,-6
"CHL",1816-07-26,-5
"CHL",1851-12-07,-5
"HAI",1820-06-30,-7
"HAI",1915-07-25,-7
"POR",1820-08-29,0
"POR",1823-06-04,0
"SPN",1820-01-01,-4
"SPN",1823-08-30,-4
"PER",1821-07-27,-3
"PER",1822-09-19,-3
"MEX",1822-05-18,-1
"MEX",1834-04-23,-1
"PER",1822-09-20,-5
"PER",1824-02-23,-5
"POR",1823-06-05,-3
"POR",1833-09-22,-3
"SPN",1823-08-31,-6
"SPN",1836-08-09,-6
"BRA",1824-03-24,-6
"BRA",1889-11-14,-6
"PER",1824-02-24,0
"PER",1828-06-29,0
"ARG",1825-01-22,-5
"ARG",1829-12-07,-5
"BOL",1825-08-05,-3
"BOL",1836-12-14,-3
"USA",1825-03-03,7
"USA",1829-03-02,7
"GRC",1827-05-16,-5
"GRC",1830-02-02,-5
"PER",1828-06-30,5
"PER",1835-02-24,5
"ARG",1829-12-08,0
"ARG",1835-03-27,0
"USA",1829-03-03,10
"USA",1850-01-27,10
"BEL",1830-10-03,0
"BEL",1831-07-19,0
"ECU",1830-05-12,-1
"ECU",1901-06-29,-1
"FRN",1830-05-16,-1
"FRN",1848-02-22,-1
"GRC",1830-02-03,-4
"GRC",1833-01-27,-4
"VEN",1830-09-21,-5
"VEN",1881-04-26,-5
"LUX",1830-10-03,0
"LUX",1831-07-19,0
"BEL",1831-07-20,-4
"BEL",1847-08-10,-4
"LUX",1831-07-20,-4
"LUX",1847-08-10,-4
"COL",1832-02-28,2
"COL",1860-06-29,2
"GRC",1833-01-28,-3
"GRC",1844-03-29,-3
"POR",1833-09-23,0
"POR",1834-08-14,0
"DEN",1834-06-30,-9
"DEN",1849-06-04,-9
"MEX",1834-04-24,0
"MEX",1835-12-14,0
"POR",1834-08-15,-4
"POR",1836-09-14,-4
"ARG",1835-03-28,-5
"ARG",1852-12-01,-5
"MEX",1835-12-15,-3
"MEX",1846-08-17,-3
"PER",1835-02-25,-3
"PER",1836-02-08,-3
"BOL",1836-12-15,-3
"BOL",1839-01-19,-3
"PER",1836-02-09,-1
"PER",1836-10-27,-1
"PER",1836-10-28,-3
"PER",1839-08-14,-3
"POR",1836-09-15,1
"POR",1842-02-04,1
"SPN",1836-08-10,0
"SPN",1837-06-27,0
"SPN",1837-06-28,-1
"SPN",1845-05-23,-1
"UKG",1837-06-20,3
"UKG",1880-04-27,3
"COS",1838-05-27,-4
"COS",1885-03-11,-4
"NIC",1838-04-29,-5
"NIC",1909-12-15,-5
"BOL",1839-01-20,-3
"BOL",1841-06-29,-3
"GUA",1839-04-29,-3
"GUA",1850-10-21,-3
"HON",1839-01-09,-3
"HON",1848-02-03,-3
"PER",1839-08-15,-1
"PER",1879-12-22,-1
"GMY",1840-06-07,-9
"GMY",1848-12-04,-9
"NTH",1840-10-07,-7
"NTH",1848-10-14,-7
"BOL",1841-06-30,0
"BOL",1841-11-19,0
"BOL",1841-11-20,-3
"BOL",1864-12-27,-3
"SAL",1841-02-15,-1
"SAL",1855-06-29,-1
"POR",1842-02-05,-4
"POR",1855-06-29,-4
"DOM",1844-02-26,-3
"DOM",1861-03-17,-3
"GRC",1844-03-30,-4
"GRC",1862-02-12,-4
"SPN",1845-05-24,-2
"SPN",1852-12-14,-2
"MEX",1846-08-18,0
"MEX",1848-02-01,0
"BEL",1847-08-11,4
"BEL",1908-11-13,4
"LBR",1847-07-25,4
"LBR",1884-06-29,4
"LUX",1847-08-11,4
"LUX",1908-11-13,4
"AUS",1848-03-03,-6
"AUS",1861-02-14,-6
"FRN",1848-02-23,6
"FRN",1851-12-01,6
"GMY",1848-12-05,-8
"GMY",1854-10-11,-8
"HON",1848-02-04,0
"HON",1852-10-30,0
"MEX",1848-02-02,-3
"MEX",1863-06-06,-3
"NTH",1848-10-15,-4
"NTH",1849-06-29,-4
"AUH",1848-03-03,-6
"AUH",1861-02-14,-6
"DEN",1849-06-05,2
"DEN",1866-07-27,2
"NTH",1849-06-30,-3
"NTH",1889-12-05,-3
"GUA",1850-10-22,-1
"GUA",1854-04-29,-1
"USA",1850-01-28,9
"USA",1854-05-28,9
"CHL",1851-12-08,0
"CHL",1874-06-29,0
"FRN",1851-12-02,0
"FRN",1852-11-01,0
"ARG",1852-12-02,0
"ARG",1853-04-30,0
"FRN",1852-11-02,-8
"FRN",1860-11-23,-8
"HON",1852-10-31,0
"HON",1854-04-27,0
"SPN",1852-12-15,-5
"SPN",1859-06-29,-5
"ARG",1853-05-01,-3
"ARG",1880-09-20,-3
"GMY",1854-10-12,-9
"GMY",1858-06-29,-9
"GUA",1854-04-30,-3
"GUA",1871-06-19,-3
"HON",1854-04-28,0
"HON",1864-02-14,0
"USA",1854-05-29,8
"USA",1860-12-18,8
"ETH",1855-02-10,4
"ETH",1930-11-01,4
"POR",1855-06-30,-6
"POR",1860-06-29,-6
"SAL",1855-06-30,0
"SAL",1858-06-29,0
"NEW",1857-06-30,10
"NEW",1876-10-31,10
"GMY",1858-06-30,-8
"GMY",1859-12-04,-8
"JPN",1858-07-29,0
"JPN",1868-01-02,0
"SAL",1858-06-30,-1
"SAL",1903-06-29,-1
"GMY",1859-12-05,-7
"GMY",1862-09-21,-7
"ROM",1859-01-23,0
"ROM",1864-03-27,0
"SPN",1859-06-30,-6
"SPN",1868-09-17,-6
"CHN",1860-10-12,0
"CHN",1862-06-29,0
"COL",1860-06-30,0
"COL",1861-07-17,0
"FRN",1860-11-24,0
"FRN",1863-05-31,0
"POR",1860-06-30,-7
"POR",1880-06-29,-7
"USA",1860-12-19,0
"USA",1865-05-08,0
"AUS",1861-02-15,-4
"AUS",1867-10-14,-4
"COL",1861-07-18,-5
"COL",1867-05-22,-5
"DOM",1861-03-18,0
"DOM",1865-04-30,0
"ITA",1861-03-16,-4
"ITA",1900-07-28,-4
"AUH",1861-02-15,-4
"AUH",1867-10-14,-4
"CHN",1862-06-30,-6
"CHN",1911-10-14,-6
"GMY",1862-09-22,-7
"GMY",1867-07-07,-7
"GRC",1862-02-13,0
"GRC",1864-11-27,0
"FRN",1863-06-01,-6
"FRN",1869-09-05,-6
"MEX",1863-06-07,0
"MEX",1864-04-09,0
"BOL",1864-12-28,-7
"BOL",1872-11-26,-7
"GRC",1864-11-28,7
"GRC",1870-06-29,7
"HON",1864-02-15,-3
"HON",1894-10-13,-3
"MEX",1864-04-10,-3
"MEX",1867-05-13,-3
"ROM",1864-03-28,-2
"ROM",1866-02-22,-2
"DOM",1865-05-01,-3
"DOM",1914-06-25,-3
"USA",1865-05-09,7
"USA",1872-05-31,7
"DEN",1866-07-28,-1
"DEN",1870-06-29,-1
"ROM",1866-02-23,-7
"ROM",1900-06-29,-7
"AUS",1867-10-15,-4
"AUS",1918-11-13,-4
"CAN",1867-06-30,4
"CAN",1888-06-29,4
"COL",1867-05-23,8
"COL",1886-08-03,8
"GMY",1867-07-08,0
"GMY",1871-01-17,0
"HUN",1867-05-28,-4
"HUN",1918-11-15,-4
"MEX",1867-05-14,-5
"MEX",1876-11-19,-5
"AUH",1867-10-15,-4
"AUH",1918-11-13,-4
"JPN",1868-01-03,1
"JPN",1945-09-01,1
"SPN",1868-09-18,0
"SPN",1871-03-14,0
"FRN",1869-09-06,-3
"FRN",1870-09-03,-3
"PAR",1869-01-01,0
"PAR",1870-11-24,0
"DEN",1870-06-30,-3
"DEN",1901-04-14,-3
"FRN",1870-09-04,0
"FRN",1877-12-12,0
"GRC",1870-06-30,9
"GRC",1880-06-29,9
"PAR",1870-11-25,-3
"PAR",1877-04-11,-3
"GMY",1871-01-18,-4
"GMY",1878-06-29,-4
"GUA",1871-06-20,0
"GUA",1873-03-28,0
"SPN",1871-03-15,1
"SPN",1873-02-11,1
"BOL",1872-11-27,0
"BOL",1873-05-06,0
"USA",1872-06-01,8
"USA",1877-03-02,8
"BOL",1873-05-07,1
"BOL",1876-05-03,1
"GUA",1873-03-29,-1
"GUA",1876-10-22,-1
"NOR",1873-07-18,-4
"NOR",1884-07-01,-4
"SPN",1873-02-12,-5
"SPN",1874-12-28,-5
"CHL",1874-06-30,3
"CHL",1888-06-29,3
"SPN",1874-12-29,0
"SPN",1876-06-29,0
"BOL",1876-05-04,-7
"BOL",1879-12-31,-7
"GUA",1876-10-23,-5
"GUA",1879-03-14,-5
"MEX",1876-11-20,0
"MEX",1880-11-29,0
"NEW",1876-11-01,4
"NEW",1877-06-29,4
"SPN",1876-06-30,-1
"SPN",1879-05-01,-1
"TUR",1876-12-23,-4
"TUR",1877-02-04,-4
"FRN",1877-12-13,7
"FRN",1898-06-29,7
"NEW",1877-06-30,9
"NEW",1893-06-29,9
"PAR",1877-04-12,-4
"PAR",1904-06-29,-4
"TUR",1877-02-05,-10
"TUR",1908-12-16,-10
"USA",1877-03-03,9
"USA",1967-06-20,9
"GMY",1878-06-30,-4
"GMY",1890-03-17,-4
"BUL",1879-04-28,-4
"BUL",1881-07-12,-4
"GUA",1879-03-15,0
"GUA",1879-12-10,0
"GUA",1879-12-11,2
"GUA",1896-06-29,2
"PER",1879-12-23,-3
"PER",1881-01-16,-3
"SPN",1879-05-02,4
"SPN",1890-06-29,4
"ARG",1880-09-21,1
"ARG",1912-06-29,1
"BOL",1880-01-01,1
"BOL",1936-05-15,1
"GRC",1880-06-30,10
"GRC",1915-11-03,10
"MEX",1880-11-30,-9
"MEX",1911-05-24,-9
"POR",1880-06-30,-5
"POR",1890-06-29,-5
"UKG",1880-04-28,7
"UKG",1901-07-14,7
"BUL",1881-07-13,-6
"BUL",1883-09-29,-6
"PER",1881-01-17,0
"PER",1883-10-19,0
"VEN",1881-04-27,-4
"VEN",1892-06-16,-4
"BUL",1883-09-30,-1
"BUL",1886-09-03,-1
"PER",1883-10-20,-3
"PER",1886-05-29,-3
"LBR",1884-06-30,-3
"LBR",1890-06-29,-3
"NOR",1884-07-02,-2
"NOR",1898-02-14,-2
"COS",1885-03-12,1
"COS",1890-05-06,1
"BUL",1886-09-04,-5
"BUL",1894-06-11,-5
"COL",1886-08-04,-3
"COL",1900-07-30,-3
"PER",1886-05-30,2
"PER",1919-07-02,2
"CAN",1888-06-30,9
"CAN",1921-12-04,9
"CHL",1888-06-30,5
"CHL",1891-09-18,5
"BRA",1889-11-15,-3
"BRA",1894-06-29,-3
"NTH",1889-12-06,-2
"NTH",1917-11-13,-2
"COS",1890-05-07,5
"COS",1894-05-06,5
"GMY",1890-03-18,1
"GMY",1909-07-13,1
"LBR",1890-06-30,-4
"LBR",1909-06-29,-4
"POR",1890-06-30,-4
"POR",1900-06-29,-4
"SPN",1890-06-30,5
"SPN",1895-06-29,5
"CHL",1891-09-19,3
"CHL",1924-11-08,3
"VEN",1892-06-17,-3
"VEN",1909-12-18,-3
"NEW",1893-06-30,10
"NEW",2012-12-28,10
"BRA",1894-06-30,-3
"BRA",1930-10-29,-3
"BUL",1894-06-12,-9
"BUL",1913-06-28,-9
"COS",1894-05-07,8
"COS",1917-01-25,8
"HON",1894-10-14,5
"HON",1904-02-07,5
"SPN",1895-06-30,4
"SPN",1900-06-29,4
"GUA",1896-06-30,-3
"GUA",1898-10-01,-3
"FRN",1898-06-30,8
"FRN",1919-07-10,8
"GUA",1898-10-02,2
"GUA",1900-06-29,2
"NOR",1898-02-15,10
"NOR",1940-04-07,10
"COL",1900-07-31,0
"COL",1904-06-29,0
"GUA",1900-06-30,-9
"GUA",1921-12-04,-9
"ITA",1900-07-29,-1
"ITA",1922-10-30,-1
"POR",1900-06-30,-3
"POR",1906-05-18,-3
"ROM",1900-06-30,-6
"ROM",1910-06-29,-6
"SPN",1900-06-30,6
"SPN",1902-05-16,6
"AUL",1900-12-31,10
"AUL",2012-12-28,10
"DEN",1901-04-15,0
"DEN",1915-06-03,0
"ECU",1901-06-30,-3
"ECU",1925-08-18,-3
"UKG",1901-07-15,8
"UKG",1922-11-14,8
"CUB",1902-05-19,3
"CUB",1917-02-07,3
"SPN",1902-05-17,6
"SPN",1923-09-11,6
"PAN",1903-11-02,-3
"PAN",1949-11-18,-3
"SAL",1903-06-30,-6
"SAL",1931-12-01,-6
"COL",1904-06-30,-5
"COL",1930-06-28,-5
"HON",1904-02-08,0
"HON",1907-03-24,0
"PAR",1904-06-30,-3
"PAR",1936-03-10,-3
"RUS",1905-10-30,0
"RUS",1906-05-05,0
"IRN",1906-10-07,0
"IRN",1921-02-20,0
"POR",1906-05-19,-1
"POR",1907-05-14,-1
"RUS",1906-05-06,-6
"RUS",1917-02-23,-6
"HON",1907-03-25,0
"HON",1908-08-31,0
"POR",1907-05-15,-9
"POR",1908-01-31,-9
"BEL",1908-11-14,6
"BEL",1914-10-13,6
"HON",1908-09-01,5
"HON",1912-01-08,5
"POR",1908-02-01,2
"POR",1910-10-04,2
"TUR",1908-12-17,-4
"TUR",1909-04-12,-4
"LUX",1908-11-14,6
"LUX",1914-10-13,6
"GMY",1909-07-14,2
"GMY",1918-11-07,2
"LBR",1909-06-30,-6
"LBR",1980-04-10,-6
"NIC",1909-12-16,-3
"NIC",1926-12-01,-3
"TUR",1909-04-13,-1
"TUR",1918-10-28,-1
"VEN",1909-12-19,-6
"VEN",1920-06-28,-6
"POR",1910-10-05,0
"POR",1911-08-19,0
"ROM",1910-06-30,-4
"ROM",1916-08-25,-4
"SAF",1910-05-30,4
"SAF",1990-01-31,4
"CHN",1911-10-15,0
"CHN",1912-03-09,0
"MEX",1911-05-25,0
"MEX",1917-01-29,0
"POR",1911-08-20,7
"POR",1926-05-26,7
"ARG",1912-06-30,2
"ARG",1930-09-04,2
"CHN",1912-03-10,2
"CHN",1913-11-03,2
"HON",1912-01-09,0
"HON",1913-03-20,0
"BUL",1913-06-29,0
"BUL",1914-03-14,0
"CHN",1913-11-04,0
"CHN",1914-04-30,0
"HON",1913-03-21,5
"HON",1919-09-07,5
"ALB",1914-09-03,-2
"ALB",1915-03-07,-2
"BEL",1914-10-14,0
"BEL",1918-11-08,0
"BUL",1914-03-15,-9
"BUL",1918-10-02,-9
"CHN",1914-05-01,-5
"CHN",1937-07-05,-5
"DOM",1914-06-26,0
"DOM",1924-12-30,0
"LUX",1914-10-14,0
"LUX",1918-11-08,0
"ALB",1915-03-08,0
"ALB",1925-01-20,0
"DEN",1915-06-04,10
"DEN",1940-04-07,10
"GRC",1915-11-04,1
"GRC",1916-06-19,1
"HAI",1915-07-26,0
"HAI",1934-08-13,0
"GRC",1916-06-20,0
"GRC",1920-12-04,0
"ROM",1916-08-26,0
"ROM",1917-01-06,0
"COS",1917-01-26,-3
"COS",1920-05-05,-3
"CUB",1917-02-08,0
"CUB",1917-05-18,0
"CUB",1917-05-19,3
"CUB",1928-06-28,3
"EST",1917-04-10,8
"EST",1918-02-22,8
"FIN",1917-12-04,8
"FIN",1919-07-15,8
"MEX",1917-01-30,-1
"MEX",1919-12-30,-1
"NTH",1917-11-14,10
"NTH",1940-05-08,10
"ROM",1917-01-07,-4
"ROM",1938-02-09,-4
"RUS",1917-02-24,0
"RUS",1917-10-23,0
"RUS",1917-10-24,-1
"RUS",1922-12-28,-1
"AUS",1918-11-14,0
"AUS",1920-09-29,0
"BEL",1918-11-09,6
"BEL",1940-04-02,6
"BUL",1918-10-03,2
"BUL",1919-08-05,2
"CZE",1918-10-26,7
"CZE",1938-10-08,7
"EST",1918-02-23,0
"EST",1919-06-13,0
"GMY",1918-11-08,0
"GMY",1919-07-29,0
"HUN",1918-11-16,0
"HUN",1919-03-19,0
"LIT",1918-11-09,4
"LIT",1926-12-16,4
"POL",1918-11-09,8
"POL",1926-05-12,8
"TUR",1918-10-29,0
"TUR",1922-10-31,0
"YAR",1918-10-28,-10
"YAR",1946-06-28,-10
"AUH",1918-11-14,0
"AUH",1920-09-29,0
"LUX",1918-11-09,6
"LUX",1940-04-02,6
"BUL",1919-08-06,-3
"BUL",1934-05-17,-3
"EST",1919-06-14,10
"EST",1933-10-15,10
"FIN",1919-07-16,10
"FIN",1930-07-13,10
"FRN",1919-07-11,9
"FRN",1930-04-28,9
"GMY",1919-07-30,6
"GMY",1933-07-12,6
"HON",1919-09-08,0
"HON",1920-06-28,0
"HUN",1919-03-20,-7
"HUN",1920-02-27,-7
"PER",1919-07-03,0
"PER",1920-01-17,0
"AUS",1920-09-30,8
"AUS",1933-03-03,8
"COS",1920-05-06,5
"COS",1948-02-28,5
"GRC",1920-12-05,1
"GRC",1922-09-24,1
"HON",1920-06-29,5
"HON",1924-06-06,5
"HUN",1920-02-28,-1
"HUN",1944-10-13,-1
"MEX",1919-12-31,-1
"MEX",1924-06-28,-1
"PER",1920-01-18,-9
"PER",1930-08-23,-9
"VEN",1920-06-29,-9
"VEN",1935-12-17,-9
"CAN",1921-12-05,10
"CAN",2012-12-28,10
"GUA",1921-12-05,2
"GUA",1931-03-14,2
"IRN",1921-02-21,0
"IRN",1925-12-12,0
"YUG",1920-12-31,0
"YUG",1929-01-04,0
"GRC",1922-09-25,0
"GRC",1924-04-29,0
"ITA",1922-10-31,0
"ITA",1928-05-10,0
"TUR",1922-11-01,0
"TUR",1923-10-28,0
"UKG",1922-11-15,10
"UKG",2016-06-20,10
"SPN",1923-09-12,-7
"SPN",1925-12-02,-7
"TUR",1923-10-29,-6
"TUR",1934-12-13,-6
"CHL",1924-11-09,0
"CHL",1925-09-16,0
"GRC",1924-04-30,-3
"GRC",1925-06-23,-3
"HON",1924-06-07,0
"HON",1925-07-05,0
"IRQ",1924-07-08,-4
"IRQ",1936-10-28,-4
"MEX",1924-06-29,-3
"MEX",1930-06-28,-3
"ALB",1925-01-21,-9
"ALB",1939-04-07,-9
"CHL",1925-09-17,-2
"CHL",1935-06-28,-2
"DOM",1924-12-31,-3
"DOM",1930-02-22,-3
"ECU",1925-08-19,-1
"ECU",1948-08-29,-1
"GRC",1925-06-24,-6
"GRC",1926-09-22,-6
"HON",1925-07-06,5
"HON",1936-04-14,5
"IRN",1925-12-13,-7
"IRN",1935-03-20,-7
"SPN",1925-12-03,-6
"SPN",1930-01-27,-6
"GRC",1926-09-23,10
"GRC",1934-10-18,10
"LIT",1926-12-17,0
"LIT",1928-05-13,0
"NIC",1926-12-02,0
"NIC",1928-11-03,0
"POL",1926-05-13,-3
"POL",1935-04-21,-3
"POR",1926-05-27,0
"POR",1930-07-28,0
"SAU",1926-01-15,-10
"SAU",2012-12-28,-10
"CUB",1928-06-29,1
"CUB",1933-09-03,1
"ITA",1928-05-11,-9
"ITA",1943-09-13,-9
"LIT",1928-05-14,-8
"LIT",1935-11-05,-8
"NIC",1928-11-04,-3
"NIC",1936-05-31,-3
"YUG",1929-01-05,-10
"YUG",1934-10-08,-10
"ARG",1930-09-05,-8
"ARG",1937-02-27,-8
"BRA",1930-10-30,0
"BRA",1934-07-14,0
"COL",1930-06-29,5
"COL",1948-04-06,5
"DOM",1930-02-23,0
"DOM",1932-12-01,0
"ETH",1930-11-02,-5
"ETH",1935-10-01,-5
"FIN",1930-07-14,0
"FIN",1931-02-15,0
"FRN",1930-04-29,10
"FRN",1940-06-20,10
"MEX",1930-06-29,-6
"MEX",1977-08-30,-6
"PER",1930-08-24,0
"PER",1933-04-07,0
"POR",1930-07-29,-9
"POR",1974-04-22,-9
"SPN",1930-01-28,0
"SPN",1931-12-08,0
"FIN",1931-02-16,4
"FIN",1944-08-31,4
"GUA",1931-03-15,-9
"GUA",1944-12-17,-9
"SAL",1931-12-02,-9
"SAL",1944-06-28,-9
"SPN",1931-12-09,7
"SPN",1939-03-31,7
"DOM",1932-12-02,-9
"DOM",1961-05-28,-9
"THI",1932-06-23,0
"THI",1935-03-01,0
"AUS",1933-03-04,0
"AUS",1934-07-28,0
"CUB",1933-09-04,3
"CUB",1952-03-08,3
"EST",1933-10-16,0
"EST",1936-10-24,0
"GMY",1933-07-13,-9
"GMY",1945-05-05,-9
"PER",1933-04-08,2
"PER",1948-10-26,2
"AUS",1934-07-29,-9
"AUS",1938-03-14,-9
"BRA",1934-07-15,-7
"BRA",1945-10-23,-7
"BUL",1934-05-18,0
"BUL",1935-04-16,0
"GRC",1934-10-19,8
"GRC",1936-08-02,8
"HAI",1934-08-14,4
"HAI",1935-06-15,4
"TUR",1934-12-14,-7
"TUR",1946-01-06,-7
"YUG",1934-10-09,-10
"YUG",1935-06-21,-10
"AFG",1935-06-29,-8
"AFG",1945-06-28,-8
"BUL",1935-04-17,-10
"BUL",1943-08-27,-10
"CHL",1935-06-29,2
"CHL",1958-09-01,2
"ETH",1935-10-02,-5
"ETH",1942-01-29,-5
"HAI",1935-06-16,1
"HAI",1946-01-09,1
"IRN",1935-03-21,-8
"IRN",1941-09-14,-8
"LIT",1935-11-06,-9
"LIT",1940-08-01,-9
"PHI",1935-11-23,5
"PHI",1941-12-05,5
"POL",1935-04-22,-6
"POL",1939-08-31,-6
"THI",1935-03-02,-3
"THI",1941-12-19,-3
"VEN",1935-12-18,0
"VEN",1936-07-15,0
"YUG",1935-06-22,-9
"YUG",1937-03-14,-9
"BOL",1936-05-16,-5
"BOL",1951-07-19,-5
"EST",1936-02-25,-6
"EST",1940-06-14,-6
"GRC",1936-08-03,-8
"GRC",1941-04-22,-8
"HON",1936-04-15,-3
"HON",1956-10-19,-3
"IRQ",1936-10-29,-3
"IRQ",1941-04-30,-3
"NIC",1936-06-01,-8
"NIC",1979-05-31,-8
"PAR",1936-03-11,-7
"PAR",1937-08-13,-7
"VEN",1936-07-16,-6
"VEN",1937-02-03,-6
"ARG",1937-02-28,-4
"ARG",1943-06-03,-4
"CHN",1937-07-06,0
"CHN",1946-12-23,0
"PAR",1937-08-14,2
"PAR",1940-02-13,2
"VEN",1937-02-04,-5
"VEN",1941-06-28,-5
"YUG",1937-03-15,0
"YUG",1939-08-24,0
"AUS",1938-03-15,0
"AUS",1945-04-28,0
"CZE",1938-10-09,0
"CZE",1939-03-14,0
"ROM",1938-02-10,-6
"ROM",1940-09-04,-6
"ALB",1939-04-08,0
"ALB",1945-11-08,0
"CZE",1939-03-15,0
"CZE",1945-05-14,0
"POL",1939-09-01,0
"POL",1945-04-19,0
"SPN",1939-04-01,-7
"SPN",1975-11-20,-7
"YUG",1939-08-25,2
"YUG",1941-04-05,2
"BEL",1940-04-03,0
"BEL",1944-08-31,0
"DEN",1940-04-08,0
"DEN",1945-05-03,0
"FRN",1940-06-21,0
"FRN",1944-09-08,0
"NOR",1940-04-08,0
"NOR",1945-05-06,0
"NTH",1940-05-09,0
"NTH",1945-05-01,0
"PAR",1940-02-14,-9
"PAR",1947-07-26,-9
"ROM",1940-09-05,0
"ROM",1941-01-19,0
"LUX",1940-04-03,0
"LUX",1944-08-31,0
"GRC",1941-04-23,0
"GRC",1944-12-28,0
"IRN",1941-09-15,0
"IRN",1946-02-28,0
"IRQ",1941-05-01,-4
"IRQ",1958-07-12,-4
"PHI",1941-12-06,0
"PHI",1944-10-19,0
"ROM",1941-01-20,-7
"ROM",1944-08-21,-7
"THI",1941-12-20,0
"THI",1942-06-28,0
"VEN",1941-06-29,-3
"VEN",1958-12-05,-3
"YUG",1941-04-06,0
"YUG",1944-10-18,0
"ETH",1942-01-30,-5
"ETH",1946-06-28,-5
"THI",1942-06-29,-3
"THI",1952-06-28,-3
"ARG",1943-06-04,-8
"ARG",1946-02-22,-8
"BUL",1943-08-28,0
"BUL",1944-09-03,0
"ITA",1943-09-14,0
"ITA",1945-04-26,0
"LEB",1943-11-20,1
"LEB",1970-08-15,1
"BEL",1944-09-01,8
"BEL",1951-07-14,8
"BUL",1944-09-04,0
"BUL",1946-09-13,0
"FIN",1944-09-01,10
"FIN",2012-12-28,10
"FRN",1944-09-09,0
"FRN",1947-01-13,0
"GRC",1944-12-29,8
"GRC",1949-10-14,8
"GUA",1944-12-18,5
"GUA",1950-12-08,5
"HUN",1944-10-14,0
"HUN",1945-04-02,0
"PHI",1944-10-20,2
"PHI",1950-06-28,2
"ROM",1944-08-22,-3
"ROM",1947-12-28,-3
"SAL",1944-06-29,-8
"SAL",1948-12-12,-8
"YUG",1944-10-19,0
"YUG",1945-11-27,0
"LUX",1944-09-01,8
"LUX",1951-07-14,8
"AFG",1945-06-29,-10
"AFG",1953-09-05,-10
"ALB",1945-11-09,0
"ALB",1946-01-09,0
"AUS",1945-04-29,0
"AUS",1946-06-26,0
"BRA",1945-10-24,0
"BRA",1946-09-16,0
"CZE",1945-05-15,0
"CZE",1946-05-24,0
"DEN",1945-05-04,10
"DEN",2012-12-28,10
"GDR",1945-05-06,0
"GDR",1949-10-02,0
"GFR",1945-05-06,0
"GFR",1949-05-21,0
"HUN",1945-04-03,0
"HUN",1948-12-13,0
"INS",1945-08-15,-5
"INS",1946-06-28,-5
"ITA",1945-04-27,0
"ITA",1947-12-29,0
"JPN",1945-09-02,0
"JPN",1952-04-26,0
"NOR",1945-05-07,10
"NOR",2012-12-28,10
"NTH",1945-05-02,10
"NTH",2012-12-28,10
"POL",1945-04-20,0
"POL",1947-12-19,0
"YUG",1945-11-28,-7
"YUG",1951-06-28,-7
"ALB",1946-01-10,-9
"ALB",1990-12-09,-9
"ARG",1946-02-23,0
"ARG",1948-12-03,0
"AUS",1946-06-27,10
"AUS",2012-12-28,10
"BRA",1946-09-17,7
"BRA",1947-04-29,7
"BUL",1946-09-14,-6
"BUL",1947-12-02,-6
"CHN",1946-12-24,-5
"CHN",1949-01-08,-5
"CZE",1946-05-25,5
"CZE",1948-02-23,5
"ETH",1946-06-29,-9
"ETH",1974-09-10,-9
"HAI",1946-01-10,0
"HAI",1946-08-13,0
"HAI",1946-08-14,4
"HAI",1950-05-08,4
"INS",1946-06-29,2
"INS",1948-06-28,2
"IRN",1946-03-01,4
"IRN",1953-08-17,4
"JOR",1946-05-23,-9
"JOR",1952-01-05,-9
"SYR",1946-04-15,4
"SYR",1949-03-28,4
"TUR",1946-01-07,7
"TUR",1954-01-25,7
"YAR",1946-06-29,0
"YAR",1948-02-15,0
"BRA",1947-04-30,5
"BRA",1958-06-28,5
"BUL",1947-12-03,-7
"BUL",1989-11-08,-7
"FRN",1947-01-14,8
"FRN",1958-05-29,8
"IND",1947-08-13,0
"IND",1947-08-12,0
"PAR",1947-07-27,-5
"PAR",1954-07-09,-5
"POL",1947-12-20,-7
"POL",1980-08-28,-7
"ROM",1947-12-29,-7
"ROM",1977-01-23,-7
"ARG",1948-12-04,-9
"ARG",1955-09-20,-9
"COL",1948-04-07,-5
"COL",1957-07-18,-5
"COS",1948-02-29,0
"COS",1948-04-21,0
"COS",1948-04-22,4
"COS",1949-11-05,4
"CZE",1948-02-24,-7
"ECU",1948-08-30,1
"ECU",1963-07-09,1
"HUN",1948-12-14,-7
"HUN",1956-10-20,-7
"INS",1948-06-29,3
"INS",1950-08-13,3
"ISR",1948-05-12,10
"ISR",1967-06-02,10
"ITA",1947-12-30,10
"ITA",2012-12-28,10
"MYA",1948-01-02,6
"MYA",1958-10-26,6
"PER",1948-10-27,-6
"PER",1950-07-26,-6
"PRK",1948-04-29,-7
"PRK",1956-06-28,-7
"ROK",1948-08-13,-3
"ROK",1952-08-03,-3
"SAL",1948-12-13,0
"SAL",1950-03-24,0
"YAR",1948-02-16,-6
"YAR",1962-09-17,-6
"CHN",1949-01-09,0
"CHN",1949-09-28,0
"CHN",1949-09-29,-8
"CHN",1966-04-28,-8
"COS",1949-11-06,9
"COS",1953-11-05,9
"GDR",1949-10-03,-7
"GDR",1950-02-06,-7
"GFR",1949-05-22,10
"GFR",1990-09-30,10
"GRC",1949-10-15,4
"GRC",1967-04-19,4
"PAN",1949-11-19,-1
"PAN",1954-12-31,-1
"SYR",1949-03-29,-6
"SYR",1949-08-11,-6
"SYR",1949-08-12,0
"SYR",1951-11-26,0
"TAW",1949-09-29,-8
"TAW",1975-04-03,-8
"GDR",1950-02-07,-8
"GDR",1960-09-10,-8
"GUA",1950-12-09,2
"GUA",1954-06-25,2
"HAI",1950-05-09,-5
"HAI",1956-12-10,-5
"INS",1950-08-14,0
"INS",1957-03-12,0
"PER",1950-07-27,-2
"PER",1956-07-26,-2
"PHI",1950-06-29,5
"PHI",1969-11-09,5
"SAL",1950-03-25,-6
"SAL",1960-10-24,-6
"BEL",1951-07-15,9
"BEL",1970-05-26,9
"BOL",1951-07-20,-5
"BOL",1952-04-09,-5
"EGY",1951-10-14,6
"EGY",1952-07-21,6
"LIB",1951-12-22,-7
"LIB",1969-08-30,-7
"SYR",1951-11-27,-6
"SYR",1954-02-23,-6
"YUG",1951-06-29,0
"YUG",1953-01-12,0
"LUX",1951-07-15,9
"LUX",1970-05-26,9
"BOL",1952-04-10,4
"BOL",1964-11-02,4
"CUB",1952-03-09,0
"CUB",1955-06-13,0
"EGY",1952-07-22,-7
"EGY",1976-10-25,-7
"IND",1952-05-11,5
"IND",1967-02-18,5
"JOR",1952-01-06,-4
"JOR",1956-10-18,-4
"JPN",1952-04-27,10
"JPN",2012-12-28,10
"ROK",1952-08-04,-4
"ROK",1960-04-13,-4
"THI",1952-06-29,-6
"THI",1955-06-28,-6
"AFG",1953-09-06,-10
"AFG",1964-09-07,-10
"CAM",1953-11-07,0
"CAM",1955-09-08,0
"COS",1953-11-06,10
"COS",2012-12-28,10
"IRN",1953-08-18,-10
"IRN",1979-01-15,-10
"LAO",1953-10-20,4
"LAO",1958-05-01,4
"YUG",1953-01-13,-7
"YUG",1980-05-02,-7
"DRV",1954-05-05,-9
"DRV",1960-01-13,-9
"GUA",1954-06-26,-6
"GUA",1958-01-17,-6
"PAR",1954-07-10,-9
"PAR",1967-08-23,-9
"SYR",1954-02-24,4
"SYR",1955-08-15,4
"TUR",1954-01-26,4
"TUR",1960-05-25,4
"ARG",1955-09-21,0
"ARG",1958-04-28,0
"CAM",1955-09-09,-9
"CAM",1970-03-16,-9
"CUB",1955-06-14,-9
"CUB",1958-12-30,-9
"PAN",1955-01-01,4
"PAN",1968-10-10,4
"RVN",1955-10-24,-3
"RVN",1963-10-30,-3
"SYR",1955-08-16,7
"SYR",1958-01-29,7
"THI",1955-06-29,-3
"THI",1958-10-18,-3
"HAI",1956-12-11,0
"HAI",1957-10-19,0
"HON",1956-10-20,-1
"HON",1971-03-26,-1
"HUN",1956-10-21,0
"HUN",1956-11-01,0
"HUN",1956-11-02,0
"HUN",1957-05-25,0
"JOR",1956-10-19,5
"JOR",1957-04-22,5
"MOR",1956-02-29,-5
"MOR",1961-05-30,-5
"PER",1956-07-27,5
"PER",1962-07-16,5
"PRK",1956-06-29,-8
"PRK",1966-10-13,-8
"SUD",1955-12-30,7
"SUD",1958-11-15,7
"TUN",1956-03-18,-4
"TUN",1957-07-22,-4
"COL",1957-07-19,7
"COL",1974-08-05,7
"HAI",1957-10-20,4
"HAI",1961-06-11,4
"HUN",1957-05-26,-7
"HUN",1988-05-20,-7
"INS",1957-03-13,-1
"INS",1959-07-03,-1
"JOR",1957-04-23,-9
"JOR",1974-11-07,-9
"MAL",1957-08-29,7
"MAL",1959-08-18,7
"TUN",1957-07-23,-9
"TUN",1977-10-13,-9
"ARG",1958-04-29,5
"ARG",1963-11-13,5
"BRA",1958-06-29,6
"BRA",1961-08-31,6
"CHL",1958-09-02,5
"CHL",1964-10-31,5
"FRN",1958-05-30,0
"FRN",1959-01-05,0
"GUA",1958-01-18,-5
"GUA",1963-03-28,-5
"GUI",1958-09-30,-9
"GUI",1984-03-31,-9
"IRQ",1958-07-13,-5
"IRQ",1968-07-15,-5
"LAO",1958-05-02,5
"LAO",1959-06-26,5
"MYA",1958-10-27,1
"MYA",1960-04-01,1
"SUD",1958-11-16,-7
"SUD",1963-04-23,-7
"SYR",1958-01-30,0
"SYR",1961-09-29,0
"THI",1958-10-19,-7
"THI",1968-01-13,-7
"VEN",1958-12-06,6
"VEN",1968-11-29,6
"CUB",1958-12-31,0
"CUB",1960-01-13,0
"FRN",1959-01-06,4
"FRN",1965-12-16,4
"INS",1959-07-04,-5
"INS",1966-03-10,-5
"LAO",1959-06-27,-4
"LAO",1960-12-11,-4
"MAL",1959-08-19,7
"MAL",1969-05-13,7
"CEN",1960-08-11,-7
"CEN",1991-10-27,-7
"CHA",1960-08-09,-3
"CHA",1962-01-15,-3
"CON",1960-08-13,3
"CON",1963-08-13,3
"CUB",1960-01-14,0
"CUB",1961-11-30,0
"DRV",1960-01-14,-8
"DRV",1969-09-01,-8
"GDR",1960-09-11,-9
"GDR",1989-11-22,-9
"GHA",1960-06-29,1
"GHA",1962-09-19,1
"LAO",1960-12-12,0
"LAO",1974-04-02,0
"MYA",1960-04-02,5
"MYA",1962-02-28,5
"NIG",1960-09-29,8
"NIG",1964-12-06,8
"ROK",1960-04-14,0
"ROK",1960-07-13,0
"ROK",1960-07-14,8
"ROK",1961-05-14,8
"SAL",1960-10-25,0
"SAL",1961-01-23,0
"SEN",1960-04-02,-1
"SEN",1962-12-15,-1
"SOM",1960-06-29,7
"SOM",1969-10-19,7
"TUR",1960-05-26,0
"TUR",1961-07-18,0
"DRC",1960-06-28,0
"DRC",1963-01-13,0
"BRA",1961-09-01,5
"BRA",1963-01-20,5
"CUB",1961-12-01,-7
"CUB",1976-12-29,-7
"DOM",1961-05-29,0
"DOM",1963-02-24,0
"HAI",1961-06-12,-7
"HAI",1971-04-19,-7
"MOR",1961-05-31,0
"MOR",1963-11-10,0
"ROK",1961-05-15,-7
"ROK",1963-12-15,-7
"RWA",1961-06-29,-5
"RWA",1973-07-03,-5
"SAL",1961-01-24,-3
"SAL",1977-02-25,-3
"SIE",1961-04-25,6
"SIE",1967-03-21,6
"SYR",1961-09-30,0
"SYR",1961-11-08,0
"SYR",1961-11-09,0
"SYR",1963-03-06,0
"TAZ",1961-12-07,-6
"TAZ",1992-06-14,-6
"TUR",1961-07-19,9
"TUR",1965-10-08,9
"ALG",1962-07-03,-8
"ALG",1965-06-17,-8
"CHA",1962-01-16,-8
"CHA",1964-06-04,-8
"GHA",1962-09-20,-3
"GHA",1964-02-20,-3
"MYA",1962-03-01,-6
"MYA",1964-03-26,-6
"PER",1962-07-17,-6
"PER",1963-07-25,-6
"SEN",1962-12-16,0
"SEN",1963-03-01,0
"UGA",1962-10-07,7
"UGA",1966-04-13,7
"YAR",1962-09-18,0
"YAR",1966-11-03,0
"ARG",1963-11-14,6
"ARG",1966-06-26,6
"BRA",1963-01-21,3
"BRA",1964-04-07,3
"CON",1963-08-14,0
"CON",1963-12-06,0
"CON",1963-12-07,-7
"CON",1979-02-03,-7
"DOM",1963-02-25,8
"DOM",1963-09-23,8
"DOM",1963-09-24,0
"DOM",1966-05-30,0
"ECU",1963-07-10,-6
"ECU",1966-03-27,-6
"GUA",1963-03-29,-5
"GUA",1966-03-04,-5
"KEN",1963-12-10,5
"KEN",1964-11-18,5
"KUW",1963-01-27,-8
"KUW",1965-01-13,-8
"MOR",1963-11-11,-3
"MOR",1965-06-04,-3
"PER",1963-07-26,5
"PER",1968-10-01,5
"ROK",1963-12-16,3
"ROK",1972-10-15,3
"RVN",1963-10-31,-3
"RVN",1965-06-09,-3
"SEN",1963-03-02,-7
"SEN",1974-07-29,-7
"SUD",1963-04-24,-4
"SUD",1964-10-27,-4
"SYR",1963-03-07,-8
"SYR",1970-11-11,-8
"DRC",1963-01-14,0
"DRC",1965-11-22,0
"AFG",1964-09-08,-7
"AFG",1973-07-15,-7
"BOL",1964-11-03,-4
"BOL",1966-01-01,-4
"BRA",1964-04-08,0
"BRA",1965-10-25,0
"CHA",1964-06-05,-9
"CHA",1969-09-24,-9
"CHL",1964-11-01,6
"CHL",1973-09-09,6
"GHA",1964-02-19,-9
"GHA",1966-02-22,-9
"KEN",1964-11-19,-1
"KEN",1969-10-28,-1
"MYA",1964-03-27,-7
"MYA",1974-02-27,-7
"NIG",1964-12-07,7
"NIG",1966-01-13,7
"SUD",1964-10-28,0
"SUD",1963-04-19,0
"ZAM",1964-10-22,2
"ZAM",1968-08-12,2
"ALG",1965-06-18,-9
"ALG",1989-02-21,-9
"BRA",1965-10-26,-9
"BRA",1974-01-13,-9
"FRN",1965-12-17,7
"FRN",1969-04-26,7
"KUW",1965-01-14,-9
"KUW",1971-01-21,-9
"MOR",1965-06-05,-9
"MOR",1977-06-01,-9
"RVN",1965-06-10,0
"RVN",1973-03-27,0
"SUD",1965-04-20,6
"SUD",1969-05-23,6
"TUR",1965-10-09,8
"TUR",1971-04-24,8
"DRC",1965-11-23,-9
"DRC",1990-11-21,-9
"ARG",1966-06-27,-9
"ARG",1973-03-09,-9
"BOL",1966-01-02,-4
"BOL",1969-09-23,-4
"CHN",1966-04-29,-9
"CHN",1969-04-12,-9
"DOM",1966-05-31,-3
"DOM",1978-08-13,-3
"ECU",1966-03-28,0
"ECU",1968-08-29,0
"GHA",1966-02-23,-4
"GHA",1970-07-28,-4
"GUA",1966-03-05,3
"GUA",1970-02-27,3
"INS",1966-03-11,-6
"INS",1967-03-10,-6
"NIG",1966-01-14,-7
"NIG",1978-09-19,-7
"PRK",1966-10-14,-9
"PRK",1994-07-05,-9
"UGA",1966-04-14,0
"UGA",1967-09-07,0
"YAR",1966-11-04,-3
"YAR",1974-06-11,-3
"GRC",1967-04-20,-7
"GRC",1974-07-21,-7
"IND",1967-02-19,8
"IND",1975-06-23,8
"INS",1967-03-11,-7
"INS",1998-05-19,-7
"ISR",1967-06-03,9
"ISR",1981-10-29,9
"PAR",1967-08-24,-8
"PAR",1989-04-29,-8
"SIE",1967-03-22,-7
"SIE",1968-04-15,-7
"UGA",1967-09-08,-6
"UGA",1969-12-17,-6
"USA",1967-06-21,8
"USA",1974-08-07,8
"YPR",1967-11-28,-5
"YPR",1970-11-28,-5
"CZE",1968-01-03,-3
"CZE",1968-08-18,-3
"CZE",1968-08-19,0
"CZE",1968-01-02,0
"ECU",1968-08-30,5
"ECU",1970-06-19,5
"IRQ",1968-07-16,-7
"IRQ",1979-07-14,-7
"PAN",1968-10-11,-7
"PAN",1968-12-29,-7
"PER",1968-10-02,-7
"PER",1977-02-02,-7
"SIE",1968-04-16,0
"SIE",1968-11-18,0
"SIE",1968-11-19,1
"SIE",1971-04-17,1
"THI",1968-01-14,0
"THI",1969-02-08,0
"VEN",1968-11-30,7
"VEN",1969-03-24,7
"ZAM",1968-08-13,0
"ZAM",1972-12-06,0
"BOL",1969-09-24,-4
"BOL",1970-10-04,-4
"CHA",1969-09-25,-6
"CHA",1973-08-25,-6
"CHN",1969-04-13,-8
"CHN",1976-09-07,-8
"CZE",1969-09-27,-7
"CZE",1989-12-07,-7
"DRV",1969-09-02,-7
"DRV",1976-06-29,-7
"FRN",1969-04-27,9
"FRN",1986-03-17,9
"KEN",1969-10-29,-7
"KEN",1979-11-05,-7
"LIB",1969-08-31,-7
"LIB",1976-12-29,-7
"MAL",1969-05-14,1
"MAL",1971-02-17,1
"PAN",1968-12-30,-7
"PAN",1978-10-03,-7
"PHI",1969-11-10,2
"PHI",1972-09-21,2
"SOM",1969-10-20,-7
"SOM",1978-12-29,-7
"SUD",1969-05-24,-6
"SUD",1971-05-14,-6
"THI",1969-02-09,2
"THI",1971-11-15,2
"UGA",1969-12-18,-7
"UGA",1971-01-23,-7
"VEN",1969-03-25,9
"VEN",1992-02-01,9
"BEL",1970-05-27,10
"BEL",2007-06-07,10
"BOL",1970-10-05,-5
"BOL",1971-08-20,-5
"CAM",1970-03-17,0
"CAM",1972-06-30,0
"ECU",1970-06-20,0
"ECU",1972-02-13,0
"GHA",1970-07-29,4
"GHA",1972-01-11,4
"GUA",1970-02-28,1
"GUA",1974-03-01,1
"LEB",1970-08-16,3
"LEB",1975-05-23,3
"SYR",1970-11-12,-9
"SYR",2000-07-14,-9
"YPR",1970-11-29,-6
"YPR",1974-06-28,-6
"LUX",1970-05-27,10
"LUX",2007-06-07,10
"BOL",1971-08-21,-7
"BOL",1978-11-22,-7
"HAI",1971-04-20,-9
"HAI",1979-07-02,-9
"HON",1971-03-27,0
"HON",1972-12-02,0
"KUW",1971-01-22,-8
"KUW",1976-08-27,-8
"MAL",1971-02-18,4
"MAL",1996-10-09,4
"QAT",1971-09-01,-10
"QAT",2012-12-28,-10
"SIE",1971-04-18,-6
"SIE",1978-06-10,-6
"SUD",1971-05-15,-7
"SUD",1973-05-05,-7
"THI",1971-11-16,-7
"THI",1973-10-12,-7
"TUR",1971-04-25,-2
"TUR",1973-10-12,-2
"UAE",1971-11-30,-8
"UAE",2012-12-28,-8
"UGA",1971-01-24,-7
"UGA",1979-01-24,-7
"BNG",1972-04-16,8
"BNG",1974-12-25,8
"CAM",1972-07-01,-5
"CAM",1975-04-15,-5
"ECU",1972-02-14,-5
"ECU",1979-08-07,-5
"GHA",1972-01-12,-7
"HON",1972-12-03,-1
"HON",1980-07-23,-1
"PAK",1971-12-30,0
"PAK",1973-08-11,0
"PHI",1972-09-22,-9
"PHI",1981-01-15,-9
"ROK",1972-10-16,-9
"ROK",1973-02-25,-9
"ZAM",1972-12-07,-9
"ZAM",1991-10-29,-9
"AFG",1973-07-16,-7
"AFG",1976-12-29,-7
"ARG",1973-03-10,6
"ARG",1976-03-22,6
"CHA",1973-08-26,-8
"CHA",1975-04-11,-8
"CHL",1973-09-10,-7
"CHL",1981-03-08,-7
"PAK",1973-08-12,8
"PAK",1977-07-03,8
"ROK",1973-02-26,-8
"ROK",1981-03-01,-8
"RVN",1973-03-28,0
"RVN",1975-12-29,0
"RWA",1973-07-04,-7
"RWA",1991-06-08,-7
"SUD",1973-05-06,-6
"SUD",1985-04-04,-6
"THI",1973-10-13,0
"THI",1974-10-05,0
"TUR",1973-10-13,9
"TUR",1980-09-10,9
"BNG",1974-12-26,-2
"BNG",1975-11-05,-2
"BRA",1974-01-14,-4
"BRA",1982-11-13,-4
"COL",1974-08-06,8
"COL",1991-07-03,8
"ETH",1974-09-11,0
"ETH",1975-03-19,0
"GRC",1974-07-22,0
"GRC",1975-06-05,0
"GUA",1974-03-02,-3
"GUA",1978-03-03,-3
"JOR",1974-11-08,-10
"JOR",1984-01-08,-10
"LAO",1974-04-03,0
"LAO",1960-11-30,0
"MYA",1974-02-28,-9
"MYA",1988-09-16,-9
"POR",1974-04-23,0
"POR",1976-04-23,0
"SEN",1974-07-30,-6
"SEN",1978-09-17,-6
"THI",1974-10-06,3
"THI",1976-10-04,3
"USA",1974-08-08,10
"USA",2016-11-05,10
"YAR",1974-06-12,-4
"YAR",1977-10-09,-4
"YPR",1974-06-29,-7
"YPR",1978-12-25,-7
"ANG",1975-11-09,-7
"ANG",1991-03-03,-7
"BNG",1975-11-06,-7
"BNG",1978-12-22,-7
"CAM",1975-04-16,0
"CAM",1976-03-28,0
"CHA",1975-04-12,-7
"CHA",1978-08-26,-7
"ETH",1975-03-20,-7
"ETH",1984-09-08,-7
"GRC",1975-06-06,8
"GRC",1986-03-05,8
"IND",1975-06-24,6
"IND",1977-03-21,6
"LAO",1975-12-01,-7
"LAO",2012-12-28,-7
"LEB",1975-05-24,0
"LEB",1990-09-19,0
"PNG",1975-09-14,4
"PNG",2012-08-06,4
"SPN",1975-11-21,0
"SPN",1978-12-27,0
"TAW",1975-04-04,-7
"TAW",1987-07-12,-7
"ARG",1976-03-23,-9
"ARG",1981-03-27,-9
"CAM",1976-03-29,-7
"CAM",1979-01-05,-7
"CHN",1976-09-08,-7
"CHN",2012-12-28,-7
"EGY",1976-10-26,-6
"EGY",2005-02-24,-6
"KUW",1976-08-28,-10
"KUW",1981-02-21,-10
"POR",1976-04-24,9
"POR",1982-10-28,9
"THI",1976-10-05,-7
"THI",1977-11-18,-7
"AFG",1976-12-30,-7
"AFG",1978-04-14,-7
"CUB",1976-12-30,-7
"CUB",2006-07-28,-7
"IND",1977-03-22,8
"IND",1998-03-16,8
"LIB",1976-12-30,-7
"LIB",1998-12-29,-7
"MEX",1977-08-31,-3
"MEX",1988-07-11,-3
"MOR",1977-06-02,-8
"MOR",1992-09-02,-8
"PAK",1977-07-04,-7
"PAK",1985-03-08,-7
"PER",1977-02-03,-7
"PER",1978-06-16,-7
"ROM",1977-01-24,-8
"ROM",1989-12-24,-8
"SAL",1977-02-26,-6
"SAL",1979-10-13,-6
"THI",1977-11-19,0
"THI",1978-12-16,0
"TUN",1977-10-14,-8
"TUN",1987-11-04,-8
"YAR",1977-10-10,-6
"YAR",1988-06-28,-6
"AFG",1978-04-15,0
"AFG",1979-12-25,0
"BNG",1978-12-23,-4
"BNG",1982-03-22,-4
"BOL",1978-11-23,-4
"BOL",1980-07-15,-4
"CHA",1978-08-27,0
"CHA",1979-02-09,0
"DOM",1978-08-14,5
"DOM",1996-08-13,5
"GHA",1978-07-04,-1
"GHA",1978-12-30,-1
"GUA",1978-03-04,-5
"GUA",1982-03-21,-5
"NIG",1978-09-20,0
"NIG",1979-09-29,0
"PAN",1978-10-04,-6
"PAN",1982-03-01,-6
"PER",1978-06-17,0
"PER",1980-07-25,0
"SEN",1978-09-18,-2
"SEN",1980-12-30,-2
"SIE",1978-06-11,-7
"SIE",1991-09-21,-7
"SPN",1978-12-28,9
"SPN",1982-06-28,9
"THI",1978-12-17,2
"THI",1988-07-22,2
"YPR",1978-12-26,-8
"YPR",1986-02-04,-8
"AFG",1979-12-26,0
"AFG",1989-02-01,0
"CAM",1979-01-06,0
"CAM",1989-09-24,0
"CHA",1979-02-10,0
"CHA",1985-12-21,0
"CON",1979-02-04,-8
"CON",1991-03-08,-8
"ECU",1979-08-08,9
"ECU",2000-01-18,9
"GHA",1978-12-31,-5
"GHA",1978-07-03,-5
"GHA",1979-09-23,5
"GHA",1981-12-29,5
"HAI",1979-07-03,-8
"HAI",1986-02-05,-8
"IRN",1979-01-16,0
"IRN",1979-03-13,0
"IRN",1979-03-14,0
"IRN",1979-11-30,0
"IRN",1979-12-01,-6
"IRN",1997-08-01,-6
"IRQ",1979-07-15,-9
"IRQ",2003-04-07,-9
"KEN",1979-11-06,-6
"KEN",1982-06-07,-6
"NIC",1979-06-01,0
"NIC",1979-07-17,0
"NIC",1979-07-18,-3
"NIC",1981-03-01,-3
"NIG",1979-09-30,7
"NIG",1983-12-30,7
"SAL",1979-10-14,0
"SAL",1984-05-29,0
"SOM",1978-12-30,-7
"SOM",1991-01-25,-7
"UGA",1979-01-25,0
"UGA",1980-12-13,0
"BOL",1980-07-16,-7
"BOL",1982-10-08,-7
"HON",1980-07-24,0
"HON",1982-01-25,0
"LBR",1980-04-11,-7
"LBR",1984-07-01,-7
"PER",1980-07-26,7
"PER",1990-07-25,7
"POL",1980-08-29,-6
"POL",1981-12-11,-6
"TUR",1980-09-11,-5
"TUR",1983-11-04,-5
"UGA",1980-12-14,3
"UGA",1985-07-27,3
"YUG",1980-05-03,-5
"YUG",1990-01-18,-5
"ZIM",1980-04-16,4
"ZIM",1983-03-06,4
"ARG",1981-03-28,-8
"ARG",1983-10-28,-8
"CHL",1981-03-09,-7
"CHL",1983-08-04,-7
"ISR",1981-10-30,6
"ISR",2012-12-28,6
"KUW",1981-02-22,-8
"KUW",1986-07-01,-8
"NIC",1981-03-02,-5
"NIC",1984-02-19,-5
"PHI",1981-01-16,-8
"PHI",1982-06-28,-8
"POL",1981-12-12,-8
"POL",1983-07-19,-8
"ROK",1981-03-02,-5
"ROK",1987-06-27,-5
"SEN",1980-12-31,-1
"SEN",2000-03-17,-1
"BNG",1982-03-23,-7
"BNG",1986-11-08,-7
"BOL",1982-10-09,7
"BOL",1985-08-04,7
"BRA",1982-11-14,-3
"BRA",1985-01-13,-3
"GHA",1981-12-30,-7
"GHA",1991-05-08,-7
"GUA",1982-03-22,-7
"GUA",1984-06-29,-7
"HON",1982-01-26,6
"HON",1985-11-22,6
"KEN",1982-06-08,-7
"KEN",1991-12-01,-7
"PAN",1982-03-02,-5
"PAN",1984-05-04,-5
"PHI",1982-06-29,-7
"PHI",1983-08-19,-7
"POR",1982-10-29,10
"POR",2012-12-28,10
"SPN",1982-06-29,10
"SPN",2012-12-28,10
"ARG",1983-10-29,8
"ARG",1989-05-12,8
"CHL",1983-08-05,-6
"CHL",1988-10-03,-6
"PHI",1983-08-20,-6
"PHI",1986-02-23,-6
"POL",1983-07-20,-7
"POL",1987-11-23,-7
"TUR",1983-11-05,7
"TUR",1989-11-07,7
"ZIM",1983-03-07,1
"ZIM",1987-12-20,1
"ETH",1984-09-09,-8
"ETH",1991-05-22,-8
"GUA",1984-06-30,-6
"GUA",1985-05-29,-6
"GUI",1984-04-01,-7
"GUI",1991-01-13,-7
"JOR",1984-01-09,-9
"JOR",1989-11-06,-9
"LBR",1984-07-02,-6
"LBR",1985-12-29,-6
"NIC",1984-02-20,-1
"NIC",1990-04-22,-1
"NIG",1983-12-31,-7
"NIG",1989-05-01,-7
"PAN",1984-05-05,-6
"PAN",1987-06-09,-6
"SAL",1984-05-30,6
"SAL",1994-03-21,6
"BOL",1985-08-05,9
"BOL",2003-02-09,9
"BRA",1985-01-14,7
"BRA",1988-10-03,7
"CHA",1985-12-22,-7
"CHA",1990-11-29,-7
"GUA",1985-05-30,0
"GUA",1986-01-12,0
"HON",1985-11-23,5
"HON",1989-11-24,5
"PAK",1985-03-09,-4
"PAK",1988-11-14,-4
"SUD",1985-04-05,-3
"SUD",1986-05-03,-3
"UGA",1985-07-28,0
"UGA",1986-01-24,0
"BNG",1986-11-09,-5
"BNG",1991-09-16,-5
"FRN",1986-03-18,10
"FRN",2012-12-28,10
"GRC",1986-03-06,10
"GRC",2012-12-28,10
"GUA",1986-01-13,3
"GUA",1996-01-13,3
"HAI",1986-02-06,0
"HAI",1991-09-28,0
"KUW",1986-07-02,-10
"KUW",1990-06-08,-10
"LBR",1985-12-30,-6
"LBR",1990-09-14,-6
"PHI",1986-02-24,0
"PHI",1987-01-31,0
"SUD",1986-05-04,7
"SUD",1989-06-28,7
"UGA",1986-01-25,-7
"UGA",1993-02-14,-7
"YPR",1986-02-05,-7
"YPR",1990-05-19,-7
"PAN",1987-06-10,-8
"PAN",1989-12-18,-8
"PHI",1987-02-01,8
"PHI",1991-12-29,8
"POL",1987-11-24,-6
"POL",1989-02-04,-6
"ROK",1987-06-28,0
"ROK",1988-02-23,0
"TAW",1987-07-13,-1
"TAW",1992-12-17,-1
"TUN",1987-11-05,-6
"TUN",1993-09-15,-6
"ZIM",1987-12-21,-6
"ZIM",1999-09-08,-6
"BRA",1988-10-04,8
"BRA",2012-12-28,8
"CHL",1988-10-04,-1
"CHL",1989-12-13,-1
"HUN",1988-05-21,-2
"HUN",1989-10-21,-2
"MEX",1988-07-12,0
"MEX",1994-08-13,0
"MYA",1988-09-17,-4
"MYA",1990-05-25,-4
"PAK",1988-11-15,8
"PAK",1997-02-13,8
"ROK",1988-02-24,6
"ROK",1998-02-23,6
"THI",1988-07-23,3
"THI",1991-02-21,3
"YAR",1988-06-29,-5
"YAR",1990-05-19,-5
"AFG",1989-02-02,-8
"AFG",1992-04-14,-8
"ALG",1989-02-22,-2
"ALG",1992-01-11,-2
"ARG",1989-05-13,7
"ARG",1989-12-29,7
"BUL",1989-11-09,1
"BUL",1990-07-29,1
"CAM",1989-09-25,0
"CAM",1993-09-22,0
"CHL",1989-12-14,8
"CHL",2000-03-08,8
"CZE",1989-12-08,-2
"CZE",1990-06-06,-2
"GDR",1989-11-23,0
"GDR",1990-09-30,0
"HON",1989-11-25,6
"HON",1999-01-24,6
"HUN",1989-10-22,0
"HUN",1990-01-31,0
"JOR",1989-11-07,-4
"JOR",1992-08-29,-4
"NIG",1989-05-02,-5
"NIG",1993-06-21,-5
"PAN",1989-12-19,8
"PAN",1994-08-29,8
"PAR",1989-04-30,2
"PAR",1992-06-20,2
"POL",1989-02-05,5
"POL",1991-06-29,5
"ROM",1989-12-25,0
"ROM",1990-06-17,0
"SUD",1989-06-29,-7
"SUD",1998-12-29,-7
"TUR",1989-11-08,9
"TUR",1993-07-03,9
"ALB",1990-12-10,1
"ALB",1991-06-09,1
"ARG",1989-12-30,7
"ARG",1999-12-07,7
"BUL",1990-07-30,7
"BUL",1992-01-16,7
"CHA",1990-11-30,-3
"CHA",1993-04-06,-3
"CZE",1990-06-07,7
"CZE",1992-12-29,7
"GMY",1990-09-30,10
"GMY",2012-12-28,10
"HUN",1990-02-01,10
"HUN",2012-12-28,10
"KUW",1990-06-09,0
"KUW",1991-04-18,0
"LBR",1990-09-15,0
"LBR",1996-08-15,0
"LEB",1990-09-20,0
"LEB",2005-04-24,0
"MYA",1990-05-26,-5
"MYA",2004-10-17,-5
"NIC",1990-04-23,6
"NIC",1995-07-03,6
"PER",1990-07-26,8
"PER",1992-04-03,8
"ROM",1990-06-18,5
"ROM",1996-11-26,5
"SAF",1990-02-01,5
"SAF",1992-10-24,5
"YUG",1990-01-19,-5
"YUG",1991-06-29,-5
"DRC",1990-11-22,-8
"DRC",1992-12-04,-8
"ALB",1991-06-10,0
"ALB",1992-04-03,0
"ANG",1991-03-04,0
"ANG",1992-05-14,0
"BNG",1991-09-17,6
"BNG",2007-01-08,6
"CEN",1991-10-28,-6
"CEN",1993-08-20,-6
"COL",1991-07-04,9
"COL",1995-11-02,9
"CON",1991-03-09,0
"CON",1992-03-13,0
"CRO",1991-06-23,-3
"CRO",1995-11-09,-3
"EST",1991-09-04,6
"EST",1999-03-04,6
"ETH",1991-05-23,0
"ETH",1993-05-21,0
"GHA",1991-05-09,-4
"GHA",1992-11-01,-4
"GUI",1991-01-14,-5
"GUI",1995-06-09,-5
"HAI",1991-09-29,-7
"HAI",1994-10-12,-7
"KEN",1991-12-02,-5
"KEN",1997-11-04,-5
"KUW",1991-04-19,-9
"KUW",1992-10-03,-9
"KYR",1991-08-29,-3
"KYR",2005-08-11,-3
"LIT",1991-09-04,10
"LIT",2012-12-28,10
"POL",1991-06-30,8
"POL",1995-12-21,8
"RWA",1991-06-09,-7
"RWA",1994-04-04,-7
"SIE",1991-09-22,-6
"SIE",1992-04-27,-6
"SOM",1991-01-26,0
"SOM",2011-08-04,0
"TAJ",1991-09-07,-2
"TAJ",1992-11-08,-2
"THI",1991-02-22,-1
"THI",1992-09-11,-1
"UZB",1991-08-29,-9
"UZB",2012-12-28,-9
"ZAM",1991-10-30,6
"ZAM",1996-11-16,6
"AFG",1992-04-15,0
"AFG",1996-09-24,0
"ALB",1992-04-04,5
"ALB",1996-05-24,5
"ALG",1992-01-12,-7
"ALG",1995-11-14,-7
"ANG",1992-05-15,0
"ANG",1993-06-13,0
"BUL",1992-01-17,8
"BUL",2001-07-21,8
"CON",1992-03-14,5
"CON",1997-10-13,5
"GHA",1992-11-02,-1
"GHA",1996-12-06,-1
"JOR",1992-08-30,-2
"JOR",2007-07-28,-2
"KUW",1992-10-04,-7
"KUW",2012-12-28,-7
"MOR",1992-09-03,-7
"MOR",1998-02-01,-7
"PAR",1992-06-21,7
"PAR",1998-08-12,7
"PER",1992-04-04,-4
"PER",1993-12-26,-4
"PHI",1991-12-30,8
"PHI",2012-12-28,8
"RUS",1991-12-30,5
"RUS",1993-10-14,5
"SAF",1992-10-25,0
"SAF",1994-04-24,0
"SIE",1992-04-28,-7
"SIE",1996-03-14,-7
"TAJ",1992-11-09,-6
"TAJ",1997-06-25,-6
"TAW",1992-12-18,7
"TAW",1996-03-21,7
"TAZ",1992-06-15,-5
"TAZ",1995-11-19,-5
"THI",1992-09-12,9
"THI",2006-02-22,9
"VEN",1992-02-02,8
"VEN",1999-12-13,8
"DRC",1992-12-05,0
"DRC",2003-06-28,0
"ANG",1993-06-14,0
"ANG",1997-06-06,0
"CAM",1993-09-23,1
"CAM",1997-07-03,1
"CEN",1993-08-21,5
"CEN",2003-03-15,5
"CHA",1993-04-07,0
"CHA",1996-05-31,0
"ERI",1993-05-22,-6
"ERI",2001-03-12,-6
"NIG",1993-06-22,-7
"NIG",1995-09-30,-7
"PER",1993-12-27,-1
"PER",2000-11-19,-1
"RUS",1993-10-15,3
"RUS",2000-03-23,3
"TUN",1993-09-16,-3
"TUN",2002-05-30,-3
"TUR",1993-07-04,8
"TUR",1997-06-13,8
"UGA",1993-02-15,-4
"UGA",1995-12-29,-4
"HAI",1994-10-13,6
"HAI",1996-02-04,6
"MEX",1994-08-14,4
"MEX",1997-07-03,4
"PAN",1994-08-30,9
"PAN",2012-12-28,9
"PRK",1994-07-06,-10
"PRK",2012-12-28,-10
"RWA",1994-04-05,0
"RWA",1994-07-16,0
"RWA",1994-07-17,-6
"RWA",2000-04-14,-6
"SAF",1994-04-25,9
"SAF",2012-12-28,9
"SAL",1994-03-22,7
"SAL",2009-05-29,7
"ALG",1995-11-15,-3
"ALG",2004-04-06,-3
"COL",1995-11-03,7
"COL",2012-12-28,7
"CRO",1995-11-10,-5
"CRO",1999-11-23,-5
"GUI",1995-06-10,-1
"GUI",2008-12-21,-1
"NIC",1995-07-04,8
"NIC",2007-01-07,8
"NIG",1995-10-01,-6
"NIG",1998-06-14,-6
"POL",1995-12-22,9
"POL",2002-10-24,9
"TAZ",1995-11-20,-1
"TAZ",2015-10-22,-1
"AFG",1996-09-25,-7
"AFG",2001-10-05,-7
"ALB",1996-05-25,0
"ALB",1997-07-21,0
"CHA",1996-06-01,-1
"CHA",2012-12-28,-1
"DOM",1996-08-14,8
"DOM",2016-05-12,8
"GHA",1996-12-07,2
"GHA",2001-01-04,2
"GUA",1996-01-14,8
"GUA",2015-08-31,8
"HAI",1996-02-05,7
"HAI",1999-01-08,7
"LBR",1996-08-16,0
"LBR",1997-07-30,0
"MAL",1996-10-10,3
"MAL",2008-03-05,3
"ROM",1996-11-27,8
"ROM",2004-12-17,8
"SIE",1996-03-15,4
"SIE",1997-05-23,4
"TAW",1996-03-22,8
"TAW",1997-06-12,8
"UGA",1995-12-30,-4
"UGA",2005-07-25,-4
"ZAM",1996-11-17,1
"ZAM",2001-12-25,1
"ALB",1997-07-22,5
"ALB",2002-07-22,5
"ANG",1997-06-07,-6
"ANG",2002-08-20,-6
"CAM",1997-07-04,-7
"CAM",1998-11-28,-7
"CON",1997-10-14,-6
"CON",2001-08-30,-6
"IRN",1997-08-02,3
"IRN",2004-01-09,3
"KEN",1997-11-05,4
"KEN",2002-12-27,4
"LBR",1997-07-31,0
"LBR",2003-08-09,0
"MEX",1997-07-04,6
"MEX",1998-12-29,6
"PAK",1997-02-14,7
"PAK",1999-10-10,7
"SIE",1997-05-24,0
"SIE",2001-11-14,0
"TAJ",1997-06-26,-5
"TAJ",1998-11-10,-5
"TAW",1997-06-13,9
"TAW",2004-05-17,9
"TUR",1997-06-14,7
"TUR",2011-07-26,7
"CAM",1998-11-29,2
"CAM",2013-07-26,2
"IND",1998-03-17,9
"IND",2012-12-28,9
"INS",1998-05-20,-5
"INS",1999-10-18,-5
"MOR",1998-02-02,-6
"MOR",2011-11-26,-6
"NIG",1998-06-15,0
"NIG",1999-05-26,0
"PAR",1998-08-13,6
"PAR",1999-03-26,6
"ROK",1998-02-24,8
"ROK",2012-12-28,8
"TAJ",1998-11-11,-1
"TAJ",2003-06-23,-1
"ARG",1999-12-08,8
"ARG",2015-12-07,8
"CRO",1999-11-24,0
"CRO",2000-11-06,0
"EST",1999-03-05,7
"EST",2000-03-11,7
"HAI",1999-01-09,0
"HAI",2000-11-23,0
"HON",1999-01-25,7
"HON",2012-12-28,7
"INS",1999-10-19,6
"INS",2004-10-17,6
"LIB",1998-12-30,-7
"LIB",2011-07-29,-7
"MEX",1998-12-30,6
"MEX",2000-11-28,6
"NIG",1999-05-27,4
"NIG",2015-05-26,4
"PAK",1999-10-11,-6
"PAK",2002-11-15,-6
"PAR",1999-03-27,7
"PAR",2003-04-24,7
"SUD",1998-12-30,-4
"SUD",1999-12-09,-4
"SUD",1999-12-10,-6
"SUD",2005-07-06,-6
"VEN",1999-12-14,7
"VEN",2001-11-10,7
"ZIM",1999-09-09,-3
"ZIM",2001-07-24,-3
"CHL",2000-03-09,9
"CHL",2006-03-08,9
"CRO",2000-11-07,8
"CRO",2004-12-30,8
"ECU",2000-01-19,6
"ECU",2006-11-23,6
"EST",2000-03-12,9
"EST",2012-12-28,9
"HAI",2000-11-24,-2
"HAI",2004-03-06,-2
"MEX",2000-11-29,8
"MEX",2012-12-28,8
"PER",2000-11-20,0
"PER",2001-07-25,0
"RUS",2000-03-24,6
"RUS",2007-11-29,6
"RWA",2000-04-15,-4
"RWA",2003-09-27,-4
"SEN",2000-03-18,8
"SEN",2007-05-31,8
"SYR",2000-07-15,-6
"SYR",2012-05-31,-6
"AFG",2001-10-06,0
"AFG",2001-12-20,0
"AFG",2001-12-21,0
"AFG",2014-12-26,0
"BUL",2001-07-22,9
"BUL",2012-12-28,9
"CON",2001-08-31,-5
"CON",2002-08-07,-5
"ERI",2001-03-13,-7
"ERI",2012-12-28,-7
"GHA",2001-01-05,6
"GHA",2004-12-04,6
"PER",2001-07-26,9
"PER",2012-12-28,9
"SIE",2001-11-15,0
"SIE",2002-07-09,0
"VEN",2001-11-11,6
"VEN",2006-12-15,6
"ZAM",2001-12-26,5
"ZAM",2008-10-27,5
"ZIM",2001-07-25,-4
"ZIM",2009-02-08,-4
"ALB",2002-07-23,7
"ALB",2005-08-30,7
"ANG",2002-08-21,-2
"ANG",2012-12-28,-2
"CON",2002-08-08,-4
"CON",2012-12-28,-4
"KEN",2002-12-28,8
"KEN",2007-10-20,8
"PAK",2002-11-16,-5
"PAK",2007-03-07,-5
"POL",2002-10-25,10
"POL",2012-12-28,10
"SIE",2002-07-10,5
"SIE",2007-09-14,5
"TUN",2002-05-31,-4
"TUN",2011-01-12,-4
"BOL",2003-02-10,8
"BOL",2009-02-04,8
"CEN",2003-03-16,-1
"CEN",2005-05-06,-1
"IRQ",2003-04-08,0
"IRQ",2003-05-19,0
"IRQ",2003-05-20,0
"IRQ",2010-08-17,0
"LBR",2003-08-10,0
"LBR",2006-01-13,0
"PAR",2003-04-25,8
"PAR",2008-08-12,8
"RWA",2003-09-28,-3
"RWA",2010-08-06,-3
"TAJ",2003-06-24,-3
"TAJ",2012-12-28,-3
"DRC",2003-06-29,0
"DRC",2006-12-03,0
"ALG",2004-04-07,2
"ALG",2012-12-28,2
"GHA",2004-12-05,8
"GHA",2012-12-28,8
"HAI",2004-03-07,0
"HAI",2006-05-11,0
"INS",2004-10-18,8
"INS",2014-10-17,8
"IRN",2004-01-10,-3
"IRN",2004-05-24,-3
"IRN",2004-05-25,-6
"IRN",2009-06-09,-6
"MYA",2004-10-18,-6
"MYA",2008-05-07,-6
"ROM",2004-12-18,9
"ROM",2012-12-28,9
"TAW",2004-05-18,10
"TAW",2012-12-28,10
"ALB",2005-08-31,9
"ALB",2012-12-28,9
"CEN",2005-05-07,-1
"CEN",2013-03-22,-1
"CRO",2004-12-31,9
"CRO",2012-12-28,9
"EGY",2005-02-25,-3
"EGY",2011-02-09,-3
"KYR",2005-08-12,3
"KYR",2006-03-08,3
"LEB",2005-04-25,6
"LEB",2012-12-28,6
"SUD",2005-07-07,-3
"SUD",2010-04-08,-3
"UGA",2005-07-26,-1
"UGA",2012-12-28,-1
"CHL",2006-03-09,10
"CHL",2012-12-28,10
"CUB",2006-07-29,-7
"CUB",2018-04-17,-7
"ECU",2006-11-24,7
"ECU",2007-11-26,7
"HAI",2006-05-12,5
"HAI",2010-01-10,5
"KYR",2006-03-09,4
"KYR",2007-12-13,4
"LBR",2006-01-14,6
"LBR",2018-01-19,6
"THI",2006-02-23,8
"THI",2006-09-16,8
"THI",2006-09-17,-5
"THI",2007-06-02,-5
"VEN",2006-12-16,5
"VEN",2009-02-08,5
"DRC",2006-12-04,5
"DRC",2016-12-17,5
"BEL",2007-06-08,8
"BEL",2012-12-28,8
"BNG",2007-01-09,-8
"BNG",2007-09-06,-8
"BNG",2007-09-07,-6
"BNG",2009-01-03,-6
"ECU",2007-11-27,5
"ECU",2013-02-14,5
"JOR",2007-07-29,-3
"JOR",2012-12-28,-3
"KEN",2007-10-21,7
"KEN",2008-04-14,7
"KYR",2007-12-14,3
"KYR",2009-07-20,3
"NIC",2007-01-08,9
"NIC",2016-06-07,9
"PAK",2007-03-08,-2
"PAK",2007-11-25,-2
"PAK",2007-11-26,2
"PAK",2008-08-16,2
"RUS",2007-11-30,4
"RUS",2012-12-28,4
"SEN",2007-06-01,7
"SEN",2012-12-28,7
"SIE",2007-09-15,7
"SIE",2012-12-28,7
"THI",2007-06-03,-1
"THI",2008-01-20,-1
"LUX",2007-06-08,8
"LUX",2012-12-28,8
"GUI",2008-12-22,-1
"GUI",2010-12-18,-1
"KEN",2008-04-15,7
"KEN",2010-08-01,7
"MAL",2008-03-06,6
"MAL",2014-03-04,6
"MYA",2008-05-08,-6
"MYA",2011-11-01,-6
"PAK",2008-08-17,5
"PAK",2010-04-16,5
"PAR",2008-08-13,8
"PAR",2013-08-13,8
"THI",2008-01-21,4
"THI",2011-07-08,4
"ZAM",2008-10-28,7
"ZAM",2016-06-07,7
"BNG",2009-01-04,5
"BNG",2013-11-15,5
"BOL",2009-02-05,7
"BOL",2012-12-28,7
"IRN",2009-06-10,-7
"IRN",2012-12-28,-7
"KYR",2009-07-21,1
"KYR",2010-04-13,1
"SAL",2009-05-30,8
"SAL",2012-12-28,8
"VEN",2009-02-09,-3
"VEN",2013-04-16,-3
"ZIM",2009-02-09,1
"ZIM",2013-05-19,1
"GUI",2010-12-19,1
"GUI",2013-09-25,1
"HAI",2010-01-11,0
"HAI",2016-02-11,0
"IRQ",2010-08-18,0
"IRQ",2010-12-18,0
"IRQ",2010-12-19,3
"IRQ",2014-09-05,3
"KEN",2010-08-02,8
"KEN",2013-03-01,8
"KYR",2010-04-14,0
"KYR",2011-11-28,0
"PAK",2010-04-17,6
"PAK",2013-05-08,6
"RWA",2010-08-07,-4
"RWA",2013-09-15,-4
"SUD",2010-04-09,-2
"SUD",2011-07-06,-2
"EGY",2011-02-10,-2
"EGY",2012-08-10,-2
"KYR",2011-11-29,7
"KYR",2017-11-21,7
"LIB",2011-07-30,0
"LIB",2012-12-28,0
"MOR",2011-11-27,-4
"MOR",2012-12-28,-4
"MYA",2011-11-02,-3
"MYA",2015-11-05,-3
"SOM",2011-08-05,0
"SOM",2012-09-13,0
"THI",2011-07-09,7
"THI",2014-05-20,7
"TUN",2011-01-13,4
"TUN",2011-11-19,4
"TUN",2011-11-20,0
"TUN",2014-12-28,0
"TUR",2011-07-27,9
"TUR",2014-08-25,9
"EGY",2012-08-11,0
"EGY",2013-07-01,0
"PNG",2012-08-07,5
"PNG",2012-12-28,5
"SOM",2012-09-14,5
"SOM",2012-12-28,5
"SYR",2012-06-01,-9
"SYR",2012-12-28,-9
"BNG",2013-11-16,4
"BNG",2014-01-03,4
"CAM",2013-07-27,2
"CAM",2017-11-14,2
"CEN",2013-03-23,0
"CEN",2016-04-08,0
"ECU",2013-02-15,5
"ECU",2012-12-28,5
"EGY",2013-07-02,-4
"EGY",2012-12-28,-4
"GUI",2013-09-26,4
"GUI",2012-12-28,4
"KEN",2013-03-02,9
"KEN",2012-12-28,9
"PAK",2013-05-09,7
"PAK",2012-12-28,7
"PAR",2013-08-14,9
"PAR",2012-12-28,9
"RWA",2013-09-16,-3
"RWA",2012-12-28,-3
"VEN",2013-04-17,4
"VEN",2017-08-15,4
"ZIM",2013-05-20,4
"ZIM",2012-12-28,4
"AFG",2014-12-27,-1
"AFG",2012-12-28,-1
"BNG",2014-01-04,1
"BNG",2018-02-06,1
"INS",2014-10-18,9
"INS",2012-12-28,9
"IRQ",2014-09-06,6
"IRQ",2012-12-28,6
"MAL",2014-03-05,5
"MAL",2018-05-07,5
"THI",2014-05-21,-3
"THI",2012-12-28,-3
"TUN",2014-12-29,7
"TUN",2012-12-28,7
"TUR",2014-08-26,3
"TUR",2016-07-13,3
"ARG",2015-12-08,9
"ARG",2012-12-28,9
"GUA",2015-09-01,8
"GUA",2012-12-28,8
"MYA",2015-11-06,0
"MYA",2016-04-03,0
"NIG",2015-05-27,7
"NIG",2012-12-28,7
"TAZ",2015-10-23,3
"TAZ",2012-12-28,3
"CEN",2016-04-09,6
"CEN",2012-12-28,6
"DOM",2016-05-13,7
"DOM",2012-12-28,7
"HAI",2016-02-12,0
"HAI",2017-02-04,0
"MYA",2016-04-04,8
"MYA",2012-12-28,8
"NIC",2016-06-08,6
"NIC",2012-12-28,6
"TUR",2016-07-14,-4
"TUR",2012-12-28,-4
"UKG",2016-06-21,8
"UKG",2012-12-28,8
"USA",2016-11-06,8
"USA",2019-03-19,8
"DRC",2016-12-18,-3
"DRC",2012-12-28,-3
"ZAM",2016-06-08,6
"ZAM",2012-12-28,6
"CAM",2017-11-15,-4
"CAM",2012-12-28,-4
"HAI",2017-02-05,5
"HAI",2012-12-28,5
"KYR",2017-11-22,8
"KYR",2012-12-28,8
"VEN",2017-08-16,-3
"VEN",2012-12-28,-3
"BNG",2018-02-07,-1
"BNG",2018-12-27,-1
"BNG",2018-12-28,-6
"BNG",2012-12-28,-6
"CUB",2018-04-18,-5
"CUB",2012-12-28,-5
"LBR",2018-01-20,7
"LBR",2012-12-28,7
"MAL",2018-05-08,7
"MAL",2012-12-28,7
"USA",2019-03-20,7
"USA",2020-02-02,7
"USA",2020-02-03,6
"USA",2020-10-31,6
"USA",2020-11-01,5
"USA",2012-12-28,5
"ALB",1816-07-26,-2
"ALG",1816-07-26,-8
"ANG",1816-07-26,-7
"ARG",1816-07-26,-5
"AUL",1816-07-26,10
"BEL",1816-07-26,0
"BNG",1816-07-26,8
"BOL",1816-07-26,-3
"BRA",1816-07-26,-6
"BUL",1816-07-26,-4
"CAM",1816-07-26,0
"CAN",1816-07-26,4
"CEN",1816-07-26,-7
"CHA",1816-07-26,-3
"COL",1816-07-26,2
"CON",1816-07-26,3
"COS",1816-07-26,-4
"CRO",1816-07-26,-3
"CUB",1816-07-26,3
"CZE",1816-07-26,7
"DOM",1816-07-26,-3
"DRC",1816-07-26,0
"DRV",1816-07-26,-9
"ECU",1816-07-26,-1
"EGY",1816-07-26,6
"ERI",1816-07-26,-6
"EST",1816-07-26,8
"ETH",1816-07-26,4
"FIN",1816-07-26,8
"GDR",1816-07-26,0
"GFR",1816-07-26,0
"GHA",1816-07-26,1
"GRC",1816-07-26,-5
"GUA",1816-07-26,-3
"GUI",1816-07-26,-9
"HAI",1816-07-26,-7
"HON",1816-07-26,-3
"HUN",1816-07-26,-4
"IND",1816-07-26,0
"INS",1816-07-26,-5
"IRQ",1816-07-26,-4
"ISR",1816-07-26,10
"ITA",1816-07-26,-4
"JOR",1816-07-26,-9
"KEN",1816-07-26,5
"KUW",1816-07-26,-8
"KYR",1816-07-26,-3
"LAO",1816-07-26,4
"LBR",1816-07-26,4
"LEB",1816-07-26,1
"LIB",1816-07-26,-7
"LIT",1816-07-26,4
"LUX",1816-07-26,0
"MAL",1816-07-26,7
"MEX",1816-07-26,-1
"MYA",1816-07-26,6
"NEW",1816-07-26,10
"NIC",1816-07-26,-5
"NIG",1816-07-26,8
"PAK",1816-07-26,0
"PAN",1816-07-26,-3
"PER",1816-07-26,-3
"PHI",1816-07-26,5
"PNG",1816-07-26,4
"POL",1816-07-26,8
"PRK",1816-07-26,-7
"QAT",1816-07-26,-10
"ROK",1816-07-26,-3
"ROM",1816-07-26,0
"RVN",1816-07-26,-3
"RWA",1816-07-26,-5
"SAF",1816-07-26,4
"SAL",1816-07-26,-1
"SAU",1816-07-26,-10
"SEN",1816-07-26,-1
"SIE",1816-07-26,6
"SOM",1816-07-26,7
"SUD",1816-07-26,7
"SYR",1816-07-26,4
"TAJ",1816-07-26,-2
"TAW",1816-07-26,-8
"TAZ",1816-07-26,-6
"TUN",1816-07-26,-4
"UAE",1816-07-26,-8
"UGA",1816-07-26,7
"UZB",1816-07-26,-9
"VEN",1816-07-26,-5
"YAR",1816-07-26,-10
"YPR",1816-07-26,-5
"YUG",1816-07-26,0
"ZAM",1816-07-26,2
"ZIM",1816-07-26,4
